Id,Level,Topic,Question,Option1,Option2,Option3,Option4,Correct_Option,QuestionType,QuestionData
FBB1,1,Classification,Which one is different?,Banana,Apple,Potato,Mango,Potato,MCQ,
FBB2,1,Classification,Which one does not belong?,Dog,Cat,Car,Cow,Car,MCQ,
FBB3,1,Classification,Find the odd one out.,Red,Blue,Tiger,Green,Tiger,MCQ,
FBB4,1,Classification,Which one is not like the others?,Triangle,Chair,Square,Circle,Chair,MCQ,
FBB5,1,Classification,Pick the different one.,Mango,Lotus,Lily,Rose,Mango,MCQ,
FBB6,1,Classification,Which one is different?,July,Monday,January,March,Monday,MCQ,
FBB7,1,Classification,Which one does not belong?,Banana,Pen,Pencil,Eraser,Banana,MCQ,
FBB8,1,Classification,Find the odd one out.,Dolphan,Sparrow,Whale,Shark,Sparrow,MCQ,
FBB9,1,Classification,Which one is not like the others?,Bus,Car,Apple,Train,Apple,MCQ,
FBB10,1,Classification,Pick the different one.,Shirt,Shoe,Pant,Table,Table,MCQ,
FBB11,2,Classification,Which one is different?,4,2,9,6,9,MCQ,
FBB12,2,Classification,Which one does not belong?,Goat,Eagle,Sheep,Cow,Eagle,MCQ,
FBB13,2,Classification,Find the odd one out.,Moon,Sun,Star,Tree,Tree,MCQ,
FBB14,2,Classification,Which one is not like the others?,Newspaper,Notebook,Spoon,Book,Spoon,MCQ,
FBB15,2,Classification,Pick the different one.,Rectangle,Oval,Apple,Circle,Apple,MCQ,
FBB16,2,Classification,Which one is different?,Water,Juice,Milk,Rice,Rice,MCQ,
FBB17,2,Classification,Which one does not belong?,Tiger,Teacher,Doctor,Engineer,Tiger,MCQ,
FBB18,2,Classification,Find the odd one out.,Water,Wood,Gold,Iron,Water,MCQ,
FBB19,2,Classification,Which one is not like the others?,Football,Cooking,Cricket,Tennis,Cooking,MCQ,
FBB20,2,Classification,Pick the different one.,Handbag,Nose,Ear,Eye,Handbag,MCQ,
FBB21,3,Classification,Which one is different?,Butterfly,Parrot,Sparrow,Crow,Butterfly,MCQ,
FBB22,3,Classification,Which one does not belong?,Breakfast,Winter,Rainy,Summer,Breakfast,MCQ,
FBB23,3,Classification,Find the odd one out.,30,26,22,27,27,MCQ,
FBB24,3,Classification,Which one is not like the others?,Monitor,Keyboard,Pencil,Mouse,Pencil,MCQ,
FBB25,3,Classification,Pick the different one.,India,Dhaka,Bangladesh,Japan,Dhaka,MCQ,
FBB26,3,Classification,Which one is different?,Cabbage,Potato,Carrot,Apple,Apple,MCQ,
FBB27,3,Classification,Which one does not belong?,Tiger,Lion,Elephant,Eagle,Eagle,MCQ,
FBB28,3,Classification,Find the odd one out.,Chair,Table,Bed,Banana,Banana,MCQ,
FBB29,3,Classification,Which one is not like the others?,Purple,Cat,Yellow,Orange,Cat,MCQ,
FBB30,3,Classification,Pick the different one.,Mango,Carrot,Guava,Orange,Carrot,MCQ,
FBB31,4,Classification,Which one is different?,Pen,Pencil,Shoe,Marker,Shoe,MCQ,
FBB32,4,Classification,Which one does not belong?,Tuesday,December,Monday,Friday,December,MCQ,
FBB33,4,Classification,Find the odd one out.,Cow,Horse,Shark,Goat,Shark,MCQ,
FBB34,4,Classification,Which one is not like the others?,Ball,Spoon,Plate,Fork,Ball,MCQ,
FBB35,4,Classification,Pick the different one.,Mars,Asia,Venus,Jupiter,Asia,MCQ,
FBB36,4,Classification,Which one is different?,Train,House,Bus,Airplane,House,MCQ,
FBB37,4,Classification,Which one does not belong?,Hand,Book,Eye,Ear,Book,MCQ,
FBB38,4,Classification,Find the odd one out.,Juice,Water,Milk,Stone,Stone,MCQ,
FBB39,4,Classification,Which one is not like the others?,Dancing,Cricket,Football,Badminton,Dancing,MCQ,
FBB40,4,Classification,Pick the different one.,Spinach,Banana,Grapes,Apple,Spinach,MCQ,
FBB41,5,Classification,Which one is different?,Sailor,Teacher,Driver,Pilot,Teacher,MCQ,
FBB42,5,Classification,Which one does not belong?,Iron,Wood,Gold,Silver,Wood,MCQ,
FBB43,5,Classification,Find the odd one out.,Circle,Book,Square,Triangle,Book,MCQ,
FBB44,5,Classification,Which one is not like the others?,2,4,7,6,7,MCQ,
FBB45,5,Classification,Pick the different one.,Shirt,Pant,Car,Hat,Car,MCQ,
FBB46,5,Classification,Which one is different?,Butterfly,Bat,Cat,Bird,Cat,MCQ,
FBB47,5,Classification,Which one does not belong?,Spring,Summer,Monday,Winter,Monday,MCQ,
FBB48,5,Classification,Find the odd one out.,Mouse,Monitor,Keyboard,Apple,Apple,MCQ,
FBB49,5,Classification,Which one is not like the others?,Blue,Elephant,Red,Green,Elephant,MCQ,
FBB50,5,Classification,Pick the different one.,Dhaka,Asia,Africa,Europe,Dhaka,MCQ,
FBB51,6,Classification,Which one is different?,Parrot,Dog,Cat,Rabbit,Parrot,MCQ,
FBB52,6,Classification,Which one does not belong?,Notebook,Apple,Pencil,Book,Apple,MCQ,
FBB53,6,Classification,Find the odd one out.,Cloud,Sun,Moon,Star,Cloud,MCQ,
FBB54,6,Classification,Which one is not like the others?,Circle,Blue,Green,Red,Circle,MCQ,
FBB55,6,Classification,Pick the different one.,Bus,Car,Bicycle,Chair,Chair,MCQ,
FBB56,6,Classification,Which one is different?,Rose,Tulip,Potato,Lotus,Potato,MCQ,
FBB57,6,Classification,Which one does not belong?,1,8,3,5,8,MCQ,
FBB58,6,Classification,Find the odd one out.,Tiger,Cow,Sheep,Goat,Tiger,MCQ,
FBB59,6,Classification,Which one is not like the others?,Book,Juice,Tea,Coffee,Book,MCQ,
FBB60,6,Classification,Pick the different one.,Table,Leg,Hand,Eye,Table,MCQ,
FBB61,7,Classification,Which one is different?,Football,Cricket,Tennis,Singing,Singing,MCQ,
FBB62,7,Classification,Which one does not belong?,Gold,Copper,Plastic,Iron,Plastic,MCQ,
FBB63,7,Classification,Find the odd one out.,Mango,Banana,Pencil,Apple,Pencil,MCQ,
FBB64,7,Classification,Which one is not like the others?,Engineer,Doctor,Lion,Teacher,Lion,MCQ,
FBB65,7,Classification,Pick the different one.,April,January,Monday,February,Monday,MCQ,
FBB66,7,Classification,Which one is different?,Venus,Mars,Earth,Atlantic,Atlantic,MCQ,
FBB67,7,Classification,Which one does not belong?,Sofa,Table,Chair,Cat,Cat,MCQ,
FBB68,7,Classification,Find the odd one out.,Ball,Shirt,Shoe,Pant,Ball,MCQ,
FBB69,7,Classification,Which one is not like the others?,Eagle,Crow,Fish,Sparrow,Fish,MCQ,
FBB70,7,Classification,Pick the different one.,Square,Orange,Triangle,Rectangle,Orange,MCQ,
FBB71,8,Classification,Which one is different?,Egg,Bread,Rice,Stone,Stone,MCQ,
FBB72,8,Classification,Which one does not belong?,Car,Keyboard,Monitor,Mouse,Car,MCQ,
FBB73,8,Classification,Find the odd one out.,Tiger,Bear,Parrot,Lion,Parrot,MCQ,
FBB74,8,Classification,Which one is not like the others?,10,20,30,35,35,MCQ,
FBB75,8,Classification,Pick the different one.,Dhaka,Nepal,Bangladesh,India,Dhaka,MCQ,
FBB76,8,Classification,Which one is different?,Square,Triangle,Rectangle,Circle,Circle,MCQ,
FBB77,8,Classification,Which one does not belong?,Moon,Mars,Jupiter,Earth,Moon,MCQ,
FBB78,8,Classification,Find the odd one out.,7,5,3,8,8,MCQ,
FBB79,8,Classification,Which one is not like the others?,Nitrogen,Gold,Carbon Dioxide,Oxygen,Gold,MCQ,
FBB80,8,Classification,Pick the different one.,Mouse,Keyboard,TV,Monitor,TV,MCQ,
FBB81,9,Classification,Which one is different?,Newton,Shakespeare,Bangladesh,Einstein,Bangladesh,MCQ,
FBB82,9,Classification,Which one does not belong?,Lungs,Heart,Eye,Brain,Eye,MCQ,
FBB83,9,Classification,Find the odd one out.,Amazon,Jamuna,Nile,Everest,Everest,MCQ,
FBB84,9,Classification,Which one is not like the others?,Copper,Plastic,Silver,Iron,Plastic,MCQ,
FBB85,9,Classification,Pick the different one.,Sphere,Pentagon,Square,Triangle,Sphere,MCQ,
FBB86,9,Classification,Which one is different?,April,Tuesday,September,June,Tuesday,MCQ,
FBB87,9,Classification,Which one does not belong?,Grammar,Science,Football,Math,Football,MCQ,
FBB88,9,Classification,Find the odd one out.,Flower,Root,Leaf,Stem,Root,MCQ,
FBB89,9,Classification,Which one is not like the others?,Dolphin,Crocodile,Whale,Shark,Crocodile,MCQ,
FBB90,9,Classification,Pick the different one.,Newspaper,Book,Painting,Magazine,Painting,MCQ,
FBB91,10,Classification,Which one is different?,Wednesday,Friday,January,Monday,January,MCQ,
FBB92,10,Classification,Which one does not belong?,25,28,6,12,25,MCQ,
FBB93,10,Classification,Find the odd one out.,Cylinder,Rectangle,Cube,Sphere,Rectangle,MCQ,
FBB94,10,Classification,Which one is not like the others?,Carrot,Spinach,Apple,Cabbage,Apple,MCQ,
FBB95,10,Classification,Pick the different one.,Nurse,Teacher,Doctor,,Teacher,MCQ,
FBB96,10,Classification,Which one is different?,Europe,China,Africa,Asia,China,MCQ,
FBB97,10,Classification,Which one does not belong?,Piano,Football,Guitar,Violin,Football,MCQ,
FBB98,10,Classification,Find the odd one out.,Water,Milk,Bread,Juice,Bread,MCQ,
FBB99,10,Classification,Which one is not like the others?,2,8,4,7,7,MCQ,
FBB100,10,Classification,Pick the different one.,Mercury,Venus,Sun,Saturn,Sun,MCQ,
FBB101,11,Analogy,Bird is to Fly as Fish is to ____,Run,Swim,Jump,Walk,Swim,MCQ,
FBB102,11,Analogy,Cat is to Kitten as Dog is to ____,Puppy,Foal,Cub,Calf,Puppy,MCQ,
FBB103,11,Analogy,Hand is to Glove as Foot is to ____,Shirt,Belt,Shoe,Hat,Shoe,MCQ,
FBB104,11,Analogy,Book is to Read as Food is to ____,Eat,Sleep,Write,Throw,Eat,MCQ,
FBB105,11,Analogy,Eye is to See as Ear is to ____,Taste,Smell,Touch,Hear,Hear,MCQ,
FBB106,11,Analogy,Teacher is to School as Doctor is to ____,Bank,Library,Market,Hospital,Hospital,MCQ,
FBB107,11,Analogy,Bird is to Nest as Lion is to ____,Den,Hive,Burrow,Stable,Den,MCQ,
FBB108,11,Analogy,Puppy is to Dog as Kitten is to ____,Bird,Cat,Cow,Horse,Cat,MCQ,
FBB109,11,Analogy,Hot is to Cold as Day is to ____,Night,Morning,Sun,Light,Night,MCQ,
FBB110,11,Analogy,Pen is to Write as Knife is to ____,Draw,Cut,Sing,Read,Cut,MCQ,
FBB111,12,Analogy,Plant is to Water as Fire is to ____,Ice,Wood,Air,Fuel,Fuel,MCQ,
FBB112,12,Analogy,Finger is to Hand as Toe is to ____,Foot,Leg,Head,Arm,Foot,MCQ,
FBB113,12,Analogy,Cow is to Calf as Goat is to ____,Chick,Puppy,Foal,Kid,Kid,MCQ,
FBB114,12,Analogy,Car is to Road as Boat is to ____,Bridge,Sky,Track,Water,Water,MCQ,
FBB115,12,Analogy,Smile is to Happy as Cry is to ____,Excited,Sad,Funny,Angry,Sad,MCQ,
FBB116,12,Analogy,Doctor is to Patient as Teacher is to ____,Patient,School,Student,Book,Student,MCQ,
FBB117,12,Analogy,Clock is to Time as Thermometer is to ____,Speed,Weight,Distance,Temperature,Temperature,MCQ,
FBB118,12,Analogy,Knife is to Cut as Pen is to ____,Open,Write,Draw,Erase,Write,MCQ,
FBB119,12,Analogy,Leaf is to Tree as Petal is to ____,Seed,Flower,Root,Branch,Flower,MCQ,
FBB120,12,Analogy,Chicken is to Egg as Plant is to ____,Root,Flower,Seed,Leaf,Seed,MCQ,
FBB121,13,Analogy,King is to Queen as Man is to ____,Brother,Boy,Child,Woman,Woman,MCQ,
FBB122,13,Analogy,Water is to Thirst as Food is to ____,Cold,Energy,Hunger,Sleep,Hunger,MCQ,
FBB123,13,Analogy,Wheel is to Car as Wing is to ____,Train,Bicycle,Boat,Plane,Plane,MCQ,
FBB124,13,Analogy,Cow is to Milk as Hen is to ____,Egg,Feather,Meat,Water,Egg,MCQ,
FBB125,13,Analogy,School is to Student as Hospital is to ____,Teacher,Medicine,Doctor,Patient,Patient,MCQ,
FBB126,13,Analogy,Book is to Library as Animal is to ____,Zoo,Forest,Home,Farm,Zoo,MCQ,
FBB127,13,Analogy,Flower is to Garden as Fish is to ____,Desert,Aquarium,Nest,Forest,Aquarium,MCQ,
FBB128,13,Analogy,Egg is to Chicken as Seed is to ____,Plant,Tree,Leaf,Flower,Plant,MCQ,
FBB129,13,Analogy,Car is to Drive as Boat is to ____,Jump,Fly,Run,Sail,Sail,MCQ,
FBB130,13,Analogy,Teacher is to Teach as Doctor is to ____,Cure,Build,Write,Sell,Cure,MCQ,
FBB131,14,Analogy,Fire is to Heat as Ice is to ____,Light,Water,Smoke,Cold,Cold,MCQ,
FBB132,14,Analogy,Earth is to Planet as Sun is to ____,Cloud,Stone,Star,Moon,Star,MCQ,
FBB133,14,Analogy,Apple is to Fruit as Carrot is to ____,Seed,Flower,Vegetable,Plant,Vegetable,MCQ,
FBB134,14,Analogy,Clock is to Hours as Calendar is to ____,Books,Months,Numbers,Colors,Months,MCQ,
FBB135,14,Analogy,Foot is to Walk as Mouth is to ____,Touch,See,Speak,Hear,Speak,MCQ,
FBB136,14,Analogy,Caterpillar is to Butterfly as Tadpole is to ____,Bird,Frog,Snake,Fish,Frog,MCQ,
FBB137,14,Analogy,Pilot is to Airplane as Driver is to ____,Train,Car,Boat,Bicycle,Car,MCQ,
FBB138,14,Analogy,Wood is to Tree as Wool is to ____,Plastic,Cow,Sheep,Glass,Sheep,MCQ,
FBB139,14,Analogy,Smile is to Happiness as Tears are to ____,Anger,Joy,Sadness,Fear,Sadness,MCQ,
FBB140,14,Analogy,Chapter is to Book as Scene is to ____,Picture,Story,Movie,Paper,Movie,MCQ,
FBB141,15,Analogy,Knife is to Kitchen as Bed is to ____,Office,Bedroom,Garden,School,Bedroom,MCQ,
FBB142,15,Analogy,Bee is to Honey as Cow is to ____,Milk,Meat,Grass,Water,Milk,MCQ,
FBB143,15,Analogy,Small is to Tiny as Big is to ____,Long,Fast,Huge,Short,Huge,MCQ,
FBB144,15,Analogy,Hand is to Hold as Feet are to ____,Write,Eat,Sleep,Walk,Walk,MCQ,
FBB145,15,Analogy,Moon is to Night as Sun is to ____,Rain,Day,Star,Cloud,Day,MCQ,
FBB146,15,Analogy,Sheep is to Wool as Silkworm is to ____,Cotton,Silk,Leather,Wood,Silk,MCQ,
FBB147,15,Analogy,Carpenter is to Wood as Potter is to ____,Glass,Iron,Clay,Paper,Clay,MCQ,
FBB148,15,Analogy,Question is to Answer as Problem is to ____,Solution,Game,Story,Number,Solution,MCQ,
FBB149,15,Analogy,Heart is to Blood as Pump is to ____,Book,Water,Stone,Air,Water,MCQ,
FBB150,15,Analogy,Gloves are to Hands as Socks are to ____,Ears,Feet,Arms,Head,Feet,MCQ,
FBB151,16,Analogy,Book is to Knowledge as Food is to ____,Water,Cooking,Hunger,Energy,Energy,MCQ,
FBB152,16,Analogy,Seed is to Plant as Egg is to ____,Bird,Animal,Leaf,Tree,Bird,MCQ,
FBB153,16,Analogy,Keyboard is to Computer as Steering Wheel is to ____,Train,Car,Boat,Bicycle,Car,MCQ,
FBB154,16,Analogy,Eye is to Vision as Brain is to ____,Run,Hear,Walk,Think,Think,MCQ,
FBB155,16,Analogy,Author is to Book as Painter is to ____,Song,Building,Painting,Movie,Painting,MCQ,
FBB156,16,Analogy,Oxygen is to Breathing as Food is to ____,Growth,Energy,Sleep,Digestion,Energy,MCQ,
FBB157,16,Analogy,Clock is to Time as Scale is to ____,Height,Weight,Speed,Temperature,Weight,MCQ,
FBB158,16,Analogy,Student is to Learn as Athlete is to ____,Compete,Read,Sleep,Write,Compete,MCQ,
FBB159,16,Analogy,Library is to Books as Museum is to ____,Animals,Plants,Artifacts,Food,Artifacts,MCQ,
FBB160,16,Analogy,Tree is to Forest as Star is to ____,River,Sky,Mountain,Ocean,Sky,MCQ,
FBB161,17,Analogy,Doctor is to Hospital as Teacher is to ____,Factory,Market,School,Office,School,MCQ,
FBB162,17,Analogy,Water is to Liquid as Ice is to ____,Solid,Cold,Heat,Gas,Solid,MCQ,
FBB163,17,Analogy,Grammar is to Language as Rules are to ____,Travel,Food,Music,Game,Game,MCQ,
FBB164,17,Analogy,Engine is to Car as Heart is to ____,Computer,Tree,House,Body,Body,MCQ,
FBB165,17,Analogy,Compass is to Direction as Clock is to ____,Time,Weight,Distance,Speed,Time,MCQ,
FBB166,17,Analogy,Finger is to Hand as Branch is to ____,Root,Tree,Flower,Leaf,Tree,MCQ,
FBB167,17,Analogy,Fire is to Burn as Water is to ____,Flow,Cook,Drink,Freeze,Drink,MCQ,
FBB168,17,Analogy,Question is to Curiosity as Challenge is to ____,Growth,Fear,Learning,Problem,Growth,MCQ,
FBB169,17,Analogy,Keyboard is to Typing as Camera is to ____,Photography,Listening,Watching,Reading,Photography,MCQ,
FBB170,17,Analogy,Root is to Tree as Foundation is to ____,Road,House,Building,Bridge,Building,MCQ,
FBB171,18,Analogy,Memory is to Brain as Strength is to ____,Bone,Skin,Muscle,Blood,Muscle,MCQ,
FBB172,18,Analogy,Battery is to Phone as Fuel is to ____,Chair,House,Car,Book,Car,MCQ,
FBB173,18,Analogy,Earthquake is to Ground as Flood is to ____,Rain,Sea,Cloud,Water,Water,MCQ,
FBB174,18,Analogy,Chapter is to Book as Episode is to ____,Picture,Movie,Letter,Series,Series,MCQ,
FBB175,18,Analogy,Sound is to Ear as Light is to ____,Hand,Nose,Eye,Ear,Eye,MCQ,
FBB176,18,Analogy,Pen is to Write as Knife is to ____,Draw,Eat,Cut,Paint,Cut,MCQ,
FBB177,18,Analogy,Sun is to Day as Moon is to ____,Star,Light,Sky,Night,Night,MCQ,
FBB178,18,Analogy,Teacher is to School as Doctor is to ____,Hospital,Garden,Chair,Book,Hospital,MCQ,
FBB179,18,Analogy,Bird is to Fly as Fish is to ____,Walk,Swim,Run,Jump,Swim,MCQ,
FBB180,18,Analogy,Eye is to See as Ear is to ____,Talk,Write,Hear,Walk,Hear,MCQ,
FBB181,19,Cause and Effect,Why do plants need sunlight?,To sleep,To make food,To become taller instantly,To move,To make food,MCQ,
FBB182,19,Cause and Effect,Why do we need to drink water?,To change color,To become stronger instantly,To stay hydrated,To stop sleeping,To stay hydrated,MCQ,
FBB183,19,Cause and Effect,Why do we wear warm clothes in winter?,To run faster,To grow taller,To stay warm,To become healthy,To stay warm,MCQ,
FBB184,19,Cause and Effect,Why do we need food?,To stop growing,To become invisible,To get energy,To change our voice,To get energy,MCQ,
FBB185,19,Cause and Effect,Why do we breathe oxygen?,For our body to work,To make our hair grow,To change our height,To sleep better,For our body to work,MCQ,
FBB186,19,Cause and Effect,Why do plants need water?,For growth,To fly,To make noise,To move around,For growth,MCQ,
FBB187,19,Cause and Effect,Why does ice melt when heated?,Because it gets colder,Because it disappears,Because it becomes heavier,Because it gets warm,Because it gets warm,MCQ,
FBB188,19,Cause and Effect,Why do we use an umbrella in rain?,To stay dry,To become taller,To make wind,To see better,To stay dry,MCQ,
FBB189,19,Cause and Effect,Why do we brush our teeth?,To change teeth color,To make teeth longer,To stop eating,To keep teeth clean,To keep teeth clean,MCQ,
FBB190,19,Cause and Effect,Why do leaves fall from some trees?,Because of sunlight only,Because trees move,Because leaves can walk,Seasonal changes,Seasonal changes,MCQ,
FBB191,20,Cause and Effect,Why do shadows appear?,Because light is blocked,Because objects become dark,Because air stops,Because water moves,Because light is blocked,MCQ,
FBB192,20,Cause and Effect,Why do we study books?,To waste time,To stop thinking,To learn new things,To make books heavy,To learn new things,MCQ,
FBB193,20,Cause and Effect,Why do animals need food?,To fly,For energy and survival,To become humans,To change color,For energy and survival,MCQ,
FBB194,20,Cause and Effect,Why does a plant die without water?,Because it cannot grow,Because it moves away,Because it becomes a stone,Because it gets cold,Because it cannot grow,MCQ,
FBB195,20,Cause and Effect,Why do we recycle materials?,To stop using things,To waste resources,To make more pollution,To reduce waste,To reduce waste,MCQ,
FBB196,20,Cause and Effect,Why do we need sleep?,To rest the body and brain,To stop growing,To become smaller,To avoid learning,To rest the body and brain,MCQ,
FBB197,20,Cause and Effect,Why do birds have wings?,To dig soil,To swim underwater,To fly,To walk slowly,To fly,MCQ,
FBB198,20,Cause and Effect,Why do we plant trees?,To get oxygen and protect nature,To make the sky dark,To remove all animals,To stop rain,To get oxygen and protect nature,MCQ,
FBB199,20,Cause and Effect,Why does rain happen?,Water in clouds falls as rain.,Because the sun disappears,Because trees make water,Because rivers move upward,Water in clouds falls as rain.,MCQ,
FBB200,20,Cause and Effect,Why do we use a thermometer?,To measure temperature,To measure distance,To measure speed,To measure weight,To measure temperature,MCQ,
FBB201,21,Cause and Effect,Why do metals expand when heated?,They disappear,They become water,Particles move more,They become lighter,Particles move more,MCQ,
FBB202,21,Cause and Effect,Why do we need exercise?,To avoid movement,To stop breathing,To keep the body healthy,To lose all energy,To keep the body healthy,MCQ,
FBB203,21,Cause and Effect,Why does a ball fall when dropped?,Because of gravity,Because it is afraid,Because it becomes smaller,Because of wind,Because of gravity,MCQ,
FBB204,21,Cause and Effect,Why do we need a balanced diet?,To eat only sweets,To stop growing,To avoid water,To get different nutrients,To get different nutrients,MCQ,
FBB205,21,Cause and Effect,Why do fish live in water?,They need water to survive,They need trees,They cannot see land,They need sunlight only,They need water to survive,MCQ,
FBB206,21,Cause and Effect,Why does a plant grow toward sunlight?,It wants to move,It dislikes water,Sunlight helps it make food,It becomes heavier,Sunlight helps it make food,MCQ,
FBB207,21,Cause and Effect,Why do we see lightning before hearing thunder?,Light travels faster than sound,Sound is stronger than light,Clouds stop sound,Thunder happens first,Light travels faster than sound,MCQ,
FBB208,21,Cause and Effect,Why do fruits become ripe?,They naturally change as they grow,They stop growing,They become smaller instantly,They lose all water,They naturally change as they grow,MCQ,
FBB209,21,Cause and Effect,Why do we wear sunglasses on a sunny day?,To make sunlight stronger,To protect our eyes,To increase heat,To see in darkness,To protect our eyes,MCQ,
FBB210,21,Cause and Effect,Why does a candle go out when covered?,It loses color,It becomes colder instantly,It lacks oxygen,It becomes bigger,It lacks oxygen,MCQ,
FBB211,22,Cause and Effect,Why do we use a map?,To make roads longer,To change weather,To find locations,To measure temperature,To find locations,MCQ,
FBB212,22,Cause and Effect,Why do plants release oxygen?,As part of photosynthesis,Because they need no water,Because they breathe like humans,Because they need darkness,As part of photosynthesis,MCQ,
FBB213,22,Cause and Effect,Why does a wet cloth dry in sunlight?,Cloth absorbs sunlight,Water becomes ice,Cloth disappears,Water dries in the sun.,Water dries in the sun.,MCQ,
FBB214,22,Cause and Effect,Why do we have bones?,To change our color,To support and protect the body,To stop movement,To make us invisible,To support and protect the body,MCQ,
FBB215,22,Cause and Effect,Why does a plant need roots?,To absorb water and nutrients,To move around,To make sounds,To fly,To absorb water and nutrients,MCQ,
FBB216,22,Cause and Effect,Why do we see stars at night?,Stars move closer to Earth,The moon creates stars,The sky becomes dark enough to see them,Stars appear only at night,The sky becomes dark enough to see them,MCQ,
FBB217,22,Cause and Effect,Why do animals adapt to their environment?,To survive better,To change into plants,To become humans,To stop eating,To survive better,MCQ,
FBB218,22,Cause and Effect,Why does a magnet attract iron?,Because it produces water,Because of sunlight,Because iron is alive,Because of magnetic force,Because of magnetic force,MCQ,
FBB219,22,Cause and Effect,Why do we need air?,To stop movement,To create darkness,For breathing and survival,To make objects heavy,For breathing and survival,MCQ,
FBB220,22,Cause and Effect,Why does a rainbow appear after rain?,Light passes through water drops,Rain creates colors directly,The sun disappears,Clouds become colorful,Light passes through water drops,MCQ,
FBB221,23,Cause and Effect,Why do birds build nests?,To catch sunlight,To change their color,To store water,To protect their eggs and babies,To protect their eggs and babies,MCQ,
FBB222,23,Cause and Effect,Why does food spoil?,Food becomes stronger,It turns into water,Germs grow over time,It gets more energy,Germs grow over time,MCQ,
FBB223,23,Cause and Effect,Why do we need doctors?,To teach math,To help treat illness,To build houses,To make food,To help treat illness,MCQ,
FBB224,23,Cause and Effect,Why do plants grow slowly compared to humans?,They cannot breathe,They move slowly,They do not need sunlight,Their growth process takes time,Their growth process takes time,MCQ,
FBB225,23,Cause and Effect,Why does a balloon rise when filled with helium?,Helium is lighter than air,The balloon gets cold,The balloon becomes heavier,The air disappears,Helium is lighter than air,MCQ,
FBB226,23,Cause and Effect,Why do we conserve electricity?,To increase pollution,To stop using machines,To make lights brighter forever,To save energy resources,To save energy resources,MCQ,
FBB227,23,Cause and Effect,Why do animals hibernate in winter?,To save energy during cold periods,To learn new skills,To change species,To grow faster,To save energy during cold periods,MCQ,
FBB228,23,Cause and Effect,Why does a plant bend toward light?,It becomes heavier,It helps get more sunlight,It wants to escape,It loses water,It helps get more sunlight,MCQ,
FBB229,23,Cause and Effect,Why do we wash fruits before eating?,To change taste,To make them bigger,To remove dirt and germs,To remove vitamins,To remove dirt and germs,MCQ,
FBB230,23,Cause and Effect,Why does a mirror show our reflection?,Because of heat,Light reflects from the surface,Because of sound,The mirror creates a person,Light reflects from the surface,MCQ,
FBB231,24,Cause and Effect,Why do we see our reflection in water?,Water produces light,Light reflects from the surface,Because of sound,Water creates images,Light reflects from the surface,MCQ,
FBB232,24,Cause and Effect,Why do plants need carbon dioxide?,To grow without water,To produce noise,To change color,To make food during photosynthesis,To make food during photosynthesis,MCQ,
FBB233,24,Cause and Effect,Why does a metal spoon feel cold?,It produces water,It has no temperature,Metal transfers heat quickly,It creates ice,Metal transfers heat quickly,MCQ,
FBB234,24,Cause and Effect,Why do we open windows in a room?,To stop sunlight,To make the room smaller,To remove furniture,To allow fresh air inside,To allow fresh air inside,MCQ,
FBB235,24,Cause and Effect,Why does a plant grow weak without sunlight?,It cannot make enough food,It becomes too heavy,It changes into an animal,It stops needing water,It cannot make enough food,MCQ,
FBB236,24,Cause and Effect,Why do we get a shadow behind an object?,The object creates darkness,The object absorbs air,The object produces smoke,The object blocks light,The object blocks light,MCQ,
FBB237,24,Cause and Effect,Why does salt dissolve in water?,Salt becomes a gas,Water changes into salt,Water disappears,Salt particles mix with water,Salt particles mix with water,MCQ,
FBB238,24,Cause and Effect,Why do we need a helmet while riding a bicycle?,To increase speed,To protect the head,To avoid exercise,To make the bicycle heavier,To protect the head,MCQ,
FBB239,24,Cause and Effect,Why do birds migrate?,To find food and suitable climate,To learn flying,To stop breathing,To change their color,To find food and suitable climate,MCQ,
FBB240,24,Cause and Effect,Why does a seed need soil?,To avoid sunlight,To become an animal,To produce sound,To get nutrients and support,To get nutrients and support,MCQ,
FBB241,25,Cause and Effect,Why does a rubber band return to its shape?,It becomes liquid,It produces heat,It has no weight,It is elastic,It is elastic,MCQ,
FBB242,25,Cause and Effect,Why do we need a battery in a toy car?,To make it heavier,To provide energy,To stop movement,To add color,To provide energy,MCQ,
FBB243,25,Cause and Effect,Why do clouds form?,Sun creates clouds directly,Clouds are solid objects,Clouds are made from smoke,Water vapor cools and condenses,Water vapor cools and condenses,MCQ,
FBB244,25,Cause and Effect,Why do we hear echoes?,Air stops moving,Sound becomes light,Sound waves reflect back,Sound disappears,Sound waves reflect back,MCQ,
FBB245,25,Cause and Effect,Why do humans sweat?,To increase body heat,To cool the body,To stop movement,To lose all water,To cool the body,MCQ,
FBB246,25,Cause and Effect,Why do we see the moon at night?,It moves away from Earth,It reflects sunlight,It produces its own light,It is a star,It reflects sunlight,MCQ,
FBB247,25,Cause and Effect,Why does bread become hard after many days?,It gains water,It gets more energy,It becomes metal,It loses moisture and changes,It loses moisture and changes,MCQ,
FBB248,25,Cause and Effect,Why do we use fertilizer in farming?,To stop plant growth,To provide nutrients to plants,To make soil disappear,To remove sunlight,To provide nutrients to plants,MCQ,
FBB249,25,Cause and Effect,Why does a boat float on water?,It produces air,Its shape helps it stay on water,It has no weight,It becomes invisible,Its shape helps it stay on water,MCQ,
FBB250,25,Cause and Effect,Why do we feel hot near fire?,Fire produces water,Fire removes air,Fire releases heat,Fire creates cold,Fire releases heat,MCQ,
FBB251,26,Problem Solving,You see a burning paper on the ground. What should you do?,Throw more paper on it,Touch it quickly,Ignore it,Inform an adult,Inform an adult,MCQ,
FBB252,26,Problem Solving,Your friend falls and gets hurt. What should you do?,Ignore them,Laugh at them,Help and inform an adult,Run away,Help and inform an adult,MCQ,
FBB253,26,Problem Solving,You find a lost wallet on the road. What should you do?,Keep it,Throw it away,Hide it,Inform an adult or authority,Inform an adult or authority,MCQ,
FBB254,26,Problem Solving,You are crossing a road. What is the safest way?,Cross when traffic is clear,Cross with eyes closed,Run fast without looking,Cross while talking on phone,Cross when traffic is clear,MCQ,
FBB255,26,Problem Solving,You forgot your homework at home. What should you do?,Lie to the teacher,Run away from class,Inform the teacher honestly,Blame a friend,Inform the teacher honestly,MCQ,
FBB256,26,Problem Solving,You see a stranger asking you to come with them. What should you do?,Talk and follow them,Refuse and tell a trusted adult,Keep it secret,Go with them immediately,Refuse and tell a trusted adult,MCQ,
FBB257,26,Problem Solving,Your friend is copying in an exam. What should you do?,Help them cheat,Ignore and cheat later,Copy too,Inform the teacher,Inform the teacher,MCQ,
FBB258,26,Problem Solving,You see trash on the floor in your classroom. What should you do?,Leave it there,Pick it up and throw in dustbin,Step on it,Throw more trash,Pick it up and throw in dustbin,MCQ,
FBB259,26,Problem Solving,You are feeling sick in school. What should you do?,Never tell anyone,Ignore it,Inform the teacher,Sleep in class,Inform the teacher,MCQ,
FBB260,26,Problem Solving,You find a sharp object on the road. What should you do?,Ignore it,Touch it carefully,Play with it,Inform an adult,Inform an adult,MCQ,
FBB261,27,Problem Solving,Your friend is sad. What should you do?,Take their things,Laugh at them,Ignore them,Comfort and talk to them,Comfort and talk to them,MCQ,
FBB262,27,Problem Solving,You see someone stealing in a shop. What should you do?,Ignore and leave,Shout loudly and help catch them,Join them,Tell a responsible adult,Tell a responsible adult,MCQ,
FBB263,27,Problem Solving,You are late for school. What should you do?,Lie and go home,Go safely and inform teacher,Run on the road carelessly,Skip school,Go safely and inform teacher,MCQ,
FBB264,27,Problem Solving,You drop juice on the floor. What should you do?,Play in it,Clean it or inform someone,Leave it,Spread it more,Clean it or inform someone,MCQ,
FBB265,27,Problem Solving,Your pencil breaks during class. What should you do?,Shout loudly,Get angry and leave,Ask for help politely,Throw books,Ask for help politely,MCQ,
FBB266,27,Problem Solving,You see rain starting while outside. What should you do?,Stay in open area,Run under safe shelter,Play in rain during storm,Ignore it,Run under safe shelter,MCQ,
FBB267,27,Problem Solving,You forgot to bring lunch. What should you do?,Stay hungry and cry,Take food from strangers,Inform teacher or share politely,Leave school,Inform teacher or share politely,MCQ,
FBB268,27,Problem Solving,You see electricity wire on the ground. What should you do?,Play near it,Stay away and inform an adult,Touch it,Pull it,Stay away and inform an adult,MCQ,
FBB269,27,Problem Solving,Your friend is being bullied. What should you do?,Help and inform teacher,Laugh at them,Join bullying,Ignore completely,Help and inform teacher,MCQ,
FBB270,27,Problem Solving,You accidentally break a glass at home. What should you do?,Play with pieces,Tell an adult honestly,Hide it,Blame someone else,Tell an adult honestly,MCQ,
FBB271,28,Problem Solving,You see smoke in a building. What should you do?,Stay and watch,Run out and inform adults,Go inside,Play near it,Run out and inform adults,MCQ,
FBB272,28,Problem Solving,You find money on school ground. What should you do?,Hide it,Spend it immediately,Keep it,Inform teacher or return it,Inform teacher or return it,MCQ,
FBB273,28,Problem Solving,You see a child lost in a market. What should you do?,Take them home alone,Walk away,Help find their parents or inform authority,Ignore them,Help find their parents or inform authority,MCQ,
FBB274,28,Problem Solving,You are asked to lie by a friend. What should you do?,Ignore rules,Lie immediately,Follow blindly,Refuse politely and tell truth,Refuse politely and tell truth,MCQ,
FBB275,28,Problem Solving,You spill water on floor at home. What should you do?,Ignore it,Leave it,Inform and clean it,Make it slippery,Inform and clean it,MCQ,
FBB276,28,Problem Solving,You see a dog acting aggressive. What should you do?,Stay calm and move away slowly,Run toward it,Shout and provoke it,Touch it,Stay calm and move away slowly,MCQ,
FBB277,28,Problem Solving,You see someone injured on the road. What should you do?,inform nearby adult,Take their belongings,Move them without care,Ignore and walk away,inform nearby adult,MCQ,
FBB278,28,Problem Solving,Your mobile phone falls in water. What should you do?,Dry it safely and inform an adult,Turn it on immediately,Charge it quickly,Shake it hard,Dry it safely and inform an adult,MCQ,
FBB279,28,Problem Solving,You are playing and break a window. What should you do?,Hide it,Run away,Tell the truth to an adult,Blame someone else,Tell the truth to an adult,MCQ,
FBB280,28,Problem Solving,You see a fire in a kitchen. What should you do?,Play near it,Touch it carefully,Move away & alert an adult,Ignore it,Move away & alert an adult,MCQ,
FBB281,29,Problem Solving,You lost your school bag. What should you do?,Blame a friend,Panic and cry,Inform teacher and retrace steps,Buy a new one immediately,Inform teacher and retrace steps,MCQ,
FBB282,29,Problem Solving,Someone offers you unknown food on the street. What should you do?,Eat immediately,Share with friends,Take it secretly,Refuse politely and inform an adult,Refuse politely and inform an adult,MCQ,
FBB283,29,Problem Solving,You see a stranger following you. What should you do?,Ignore and continue walking,Go with them,Go to a trusted adult,Talk normally,Go to a trusted adult,MCQ,
FBB284,29,Problem Solving,You are online and see a suspicious message. What should you do?,Share personal info,Block and forget,Reply immediately,Ignore and inform an adult,Ignore and inform an adult,MCQ,
FBB285,29,Problem Solving,You forget to bring money to school canteen. What should you do?,Take without paying,Steal food,Inform teacher or friend politely,Skip school,Inform teacher or friend politely,MCQ,
FBB286,29,Problem Solving,You see a snake on the road. What should you do?,Touch it slowly,Play near it,Throw stones,Stay away & tell an adult.,Stay away & tell an adult.,MCQ,
FBB287,29,Problem Solving,Your friend is cheating in a game. What should you do?,Ignore and cheat too,Join them,Laugh at them,Tell them to play fairly,Tell them to play fairly,MCQ,
FBB288,29,Problem Solving,You feel very angry. What should you do?,Calm down and talk,Break things,Hit someone,Scream loudly,Calm down and talk,MCQ,
FBB289,29,Problem Solving,You see broken glass on the floor. What should you do?,Inform an adult and stay away,Step on it carefully,Play with it,Pick it with bare hands,Inform an adult and stay away,MCQ,
FBB290,29,Problem Solving,You find a sick bird. What should you do?,Ignore it,Play with it,Inform an adult or animal rescue,Take it home without care,Inform an adult or animal rescue,MCQ,
FBB291,30,Problem Solving,You forgot to study for a test. What should you do?,Run away,Cheat in exam,Do your best honestly,Skip exam,Do your best honestly,MCQ,
FBB292,30,Problem Solving,"You see a door marked ""Do Not Enter"". What should you do?",Break the door,Respect the sign and stay out,Ignore and enter,Enter anyway,Respect the sign and stay out,MCQ,
FBB293,30,Problem Solving,You are asked to keep a dangerous secret. What should you do?,Follow blindly,Keep it always,Refuse and tell a trusted adult,Forget it,Refuse and tell a trusted adult,MCQ,
FBB294,30,Problem Solving,You are stuck in a lift. What should you do?,Run inside,Panic and jump,Press alarm and wait calmly,Try to force doors,Press alarm and wait calmly,MCQ,
FBB295,30,Problem Solving,You see someone littering in public. What should you do?,Throw more trash,Ignore it,Throw your trash in the bin,Join them,Throw your trash in the bin,MCQ,
FBB296,30,Problem Solving,You are lost in a market. What should you do?,Walk away randomly,Ask a shopkeeper or police for help,Hide somewhere,Cry alone,Ask a shopkeeper or police for help,MCQ,
FBB297,30,Problem Solving,You see medicine at home. What should you do?,Ask an adult before using it,Take it without asking,Share with friends,Taste it,Ask an adult before using it,MCQ,
FBB298,30,Problem Solving,You hear a loud alarm in school. What should you do?,Follow teacher instructions,Run outside alone,Continue playing,Ignore it,Follow teacher instructions,MCQ,
FBB299,30,Problem Solving,You see someone faint in class. What should you do?,Ignore them,Move them alone,Laugh at them,Inform teacher immediately,Inform teacher immediately,MCQ,
FBB300,30,Problem Solving,You accidentally hurt a friend. What should you do?,Blame them,Say sorry and help them,Run away,Laugh at them,Say sorry and help them,MCQ,
FBB301,31,Problem Solving,You find a broken electrical device. What should you do?,Tell an adult and stay away,Plug it in,Touch and fix it,Play with it,Tell an adult and stay away,MCQ,
FBB302,31,Problem Solving,You see a child drowning in shallow water. What should you do?,Jump in without thinking,Ignore it,Shout for help,Record a video,Shout for help,MCQ,
FBB303,31,Problem Solving,You find a hot boiling pot on the stove. What should you do?,Pour cold water immediately,Turn it off without help,Stay away and inform an adult,Touch it quickly,Stay away and inform an adult,MCQ,
FBB304,31,Problem Solving,Your friend wants you to skip school. What should you do?,Refuse and inform a teacher or parent,Stop studying,Follow secretly,Agree immediately,Refuse and inform a teacher or parent,MCQ,
FBB305,31,Problem Solving,You see a road accident. What should you do?,Ignore and continue walking,Run into traffic,Take pictures only,Inform an adult,Inform an adult,MCQ,
FBB306,31,Problem Solving,You are offered money by a stranger to go with them. What should you do?,Take money and go,Refuse and move to a safe place,Accept it,Follow them quietly,Refuse and move to a safe place,MCQ,
FBB307,31,Problem Solving,You see someone faint in a crowded place. What should you do?,Ask for help and call an adult,Ignore them,Step over them,Shake them aggressively,Ask for help and call an adult,MCQ,
FBB308,31,Problem Solving,You find a sharp knife on the floor. What should you do?,Do not touch it. Tell an adult.,Play with it,Ignore it,Throw it randomly,Do not touch it. Tell an adult.,MCQ,
FBB309,31,Problem Solving,You are stuck in heavy rain without shelter. What should you do?,Run to a safe building or shelter,Play in rainwater,Keep walking slowly,Stand in open field,Run to a safe building or shelter,MCQ,
FBB310,31,Problem Solving,Your friend is spreading a rumor about you. What should you do?,Ignore completely always,Calmly talk and inform a teacher,Start a fight,Gossip more,Calmly talk and inform a teacher,MCQ,
FBB311,32,Problem Solving,You see a chemical spill in lab. What should you do?,Taste it,Clean it yourself,Move away and inform teacher immediately,Touch it carefully,Move away and inform teacher immediately,MCQ,
FBB312,32,Problem Solving,You feel lost in a new city. What should you do?,Walk randomly,Sit alone and cry,Ask a trusted person or police for help,Follow strangers,Ask a trusted person or police for help,MCQ,
FBB313,32,Problem Solving,You find a broken glass bottle in playground. What should you do?,Play with it,Pick it safely or inform teacher,Throw it at friends,Step on it,Pick it safely or inform teacher,MCQ,
FBB314,32,Problem Solving,Your computer shows a warning pop-up. What should you do?,Click everything,Close it and inform an adult,Download unknown files,Ignore and continue,Close it and inform an adult,MCQ,
FBB315,32,Problem Solving,You see a fire alarm ringing. What should you do?,Ignore it and stay inside,Turn it off yourself,Follow evacuation instructions,Play near alarm,Follow evacuation instructions,MCQ,
FBB316,32,Problem Solving,You accidentally hurt your sibling. What should you do?,Run away,Laugh at them,Blame them,Apologize and help them,Apologize and help them,MCQ,
FBB317,32,Problem Solving,You are given wrong change in shop. What should you do?,Run away,Keep extra money,Take more money,Tell the shopkeeper honestly,Tell the shopkeeper honestly,MCQ,
FBB318,32,Problem Solving,You find a dangerous insect at home. What should you do?,Ignore it,Inform an adult,Touch it carefully,Play with it,Inform an adult,MCQ,
FBB319,32,Problem Solving,You see someone cheating in an exam. What should you do?,Tell teacher quietly,Ignore and copy,Join them,Help them cheat,Tell teacher quietly,MCQ,
FBB320,32,Problem Solving,You are unsure about crossing a busy road. What should you do?,Close eyes and cross,Wait for the green signal,Cross while running,Run quickly alone,Wait for the green signal,MCQ,
FBB321,33,Problem Solving,You see a dog injured on road. What should you do?,Take it home without help,Throw stones,Ignore it,Inform an adult or animal rescue,Inform an adult or animal rescue,MCQ,
FBB322,33,Problem Solving,You are feeling very sleepy in class. What should you do?,Sleep on desk,Tell teacher politely and stay attentive,Stop listening,Run away,Tell teacher politely and stay attentive,MCQ,
FBB323,33,Problem Solving,You see a broken chair in classroom. What should you do?,Break it more,Take it home,Sit on it carefully,Inform teacher to fix it,Inform teacher to fix it,MCQ,
FBB324,33,Problem Solving,You see smoke coming from an electrical socket. What should you do?,Stay away and inform adult,Touch it,Ignore it,Pour water immediately,Stay away and inform adult,MCQ,
FBB325,33,Problem Solving,You are in a crowded place and lost your parents. What should you do?,Cry and hide,Run away further,Go to security or police for help,Follow strangers,Go to security or police for help,MCQ,
FBB326,33,Problem Solving,You spill water on the classroom floor. What should you do?,Inform teacher,Leave it,Run away,Ignore it,Inform teacher,MCQ,
FBB327,33,Problem Solving,You see a friend being bullied. What should you do?,Stay silent,Join the bully,Inform teacher/adult,Laugh,Inform teacher/adult,MCQ,
FBB328,33,Problem Solving,You find a wallet on the playground. What should you do?,Throw it,Keep it,Hide it,Give it to teacher,Give it to teacher,MCQ,
FBB329,33,Problem Solving,You forgot your homework at home. What should you do?,Tell teacher honestly,Copy from friend,Lie to teacher,Ignore it,Tell teacher honestly,MCQ,
FBB330,33,Problem Solving,You see broken glass in the corridor. What should you do?,Step on it,Ignore it,Inform teacher/staff,Kick it away,Inform teacher/staff,MCQ,
FBB331,34,What Would Happen,What would happen if there were no sun?,More rain,More stars,More trees,Dark world,Dark world,MCQ,
FBB332,34,What Would Happen,What would happen if you never slept?,More energy,Very fast,Very tall,Very tired,Very tired,MCQ,
FBB333,34,What Would Happen,What would happen if a plant had no leaves?,Bigger tree,More flowers,Grow fast,Less food,Less food,MCQ,
FBB334,34,What Would Happen,What would happen if you never wore shoes outside?,Hurt feet,Safe feet,Clean hands,Wet hair,Hurt feet,MCQ,
FBB335,34,What Would Happen,What would happen if bees disappeared?,Less fruit,More rain,Bigger trees,More fruit,Less fruit,MCQ,
FBB336,34,What Would Happen,What would happen if plants got no water?,More fruit,Dry up,More leaves,Grow fast,Dry up,MCQ,
FBB337,34,What Would Happen,What would happen if you never brushed your teeth?,Strong teeth,Toothache,Clean teeth,White teeth,Toothache,MCQ,
FBB338,34,What Would Happen,What would happen if there were no schools?,Bigger houses,More homework,Less learning,More games,Less learning,MCQ,
FBB339,34,What Would Happen,What would happen if everyone threw trash outside?,More flowers,Fresh air,Clean roads,Dirty place,Dirty place,MCQ,
FBB340,34,What Would Happen,What would happen if we never turned off lights?,Less water,Save power,More trees,Use power,Use power,MCQ,
FBB341,35,What Would Happen,What would happen if you could not hear?,Big smile,Fast run,No walking,Hard talk,Hard talk,MCQ,
FBB342,35,What Would Happen,What would happen if we stopped brushing our teeth?,Longer teeth,New teeth,Healthy teeth,Tooth decay,Tooth decay,MCQ,
FBB343,35,What Would Happen,What would happen if fire had no heat?,No cooking,More smoke,More light,More rain,No cooking,MCQ,
FBB344,35,What Would Happen,What would happen if we had no bones?,Soft body,Fast body,Strong body,Tall body,Soft body,MCQ,
FBB345,35,What Would Happen,What would happen if we never planted trees?,Fewer trees,More birds,More shade,More rain,Fewer trees,MCQ,
FBB346,35,What Would Happen,What would happen if you never ate food?,Very tall,Very happy,Very weak,More energy,Very weak,MCQ,
FBB347,35,What Would Happen,What would happen if fish had no water?,Cannot live,Fly high,Swim fast,Grow wings,Cannot live,MCQ,
FBB348,35,What Would Happen,What would happen if a toy had no battery?,Make music,Run fast,Not work,Get bigger,Not work,MCQ,
FBB349,35,What Would Happen,What would happen if you touched a hot pan?,Burn hand,Cold hand,Happy hand,Wet hand,Burn hand,MCQ,
FBB350,35,What Would Happen,What would happen if there were no clouds?,More stars,Bigger sun,Less rain,More snow,Less rain,MCQ,
FBB351,36,What Would Happen,What would happen if there were no roads?,More buses,Hard travel,Easy travel,More cars,Hard travel,MCQ,
FBB352,36,What Would Happen,What would happen if you stayed in the hot sun?,Feel sleepy,Feel hot,Feel hungry,Feel cold,Feel hot,MCQ,
FBB353,36,What Would Happen,What would happen if nobody talked?,More games,More songs,Easy talk,Hard talk,Hard talk,MCQ,
FBB354,36,What Would Happen,What would happen if we never watered trees?,Dry trees,Green leaves,Big trees,More fruit,Dry trees,MCQ,
FBB355,36,What Would Happen,What would happen if ice melted?,Become sand,Become rock,Become air,Become water,Become water,MCQ,
FBB356,36,What Would Happen,What would happen if we never used a dustbin?,More flowers,Dirty park,Fresh air,Clean park,Dirty park,MCQ,
FBB357,36,What Would Happen,What would happen if there were no electricity?,Dark room,Bright room,More TV,More fans,Dark room,MCQ,
FBB358,36,What Would Happen,What would happen if all trees were cut down?,Less shade,More fruit,More birds,More rain,Less shade,MCQ,
FBB359,36,What Would Happen,What would happen if you stayed underwater too long?,Breathe well,Feel warm,Cannot breathe,Run fast,Cannot breathe,MCQ,
FBB360,36,What Would Happen,What would happen if there were no moon?,Dark night,Bright night,More rain,More clouds,Dark night,MCQ,
FBB361,37,What Would Happen,What happens if we plant more trees?,More trash,Dirty air,Fresh air,Less rain,Fresh air,MCQ,
FBB362,37,What Would Happen,What happens if we waste water?,More water,More food,Less water,Clean air,Less water,MCQ,
FBB363,37,What Would Happen,What happens if computers stop working?,More cars,More games,More books,No work,No work,MCQ,
FBB364,37,What Would Happen,What happens if there are no farmers?,More toys,Less food,More cars,More rain,Less food,MCQ,
FBB365,37,What Would Happen,What happens if we never exercise?,Feel weak,Stay strong,Grow wings,Fly high,Feel weak,MCQ,
FBB366,37,What Would Happen,What happens if rivers dry up?,More fish,More rain,Less water,More boats,Less water,MCQ,
FBB367,37,What Would Happen,What happens if there is no air?,More trees,More rain,Easy breathing,No life,No life,MCQ,
FBB368,37,What Would Happen,What happens if people throw trash everywhere?,Dirty roads,Clean roads,Fresh air,More flowers,Dirty roads,MCQ,
FBB369,37,What Would Happen,What happens if animals could talk?,Less food,No trees,More rain,We chat,We chat,MCQ,
FBB370,37,What Would Happen,What happens if nobody used cars?,Walk more,Less roads,More traffic,More smoke,Walk more,MCQ,
FBB371,38,What Would Happen,What happens if there are no plants?,More air,More birds,Less food,More water,Less food,MCQ,
FBB372,38,What Would Happen,What happens if there is no wind?,More rain,Flags still,Big waves,Trees dance,Flags still,MCQ,
FBB373,38,What Would Happen,What happens if nobody follows rules?,Big trouble,Safe place,More fun,Clean roads,Big trouble,MCQ,
FBB374,38,What Would Happen,What happens if mountains disappeared?,More fish,Land changes,More stars,More books,Land changes,MCQ,
FBB375,38,What Would Happen,What happens if we save electricity?,More heat,Save energy,Waste power,More smoke,Save energy,MCQ,
FBB376,38,What Would Happen,What happens if we cannot talk?,More games,More songs,Easy sharing,Hard sharing,Hard sharing,MCQ,
FBB377,38,What Would Happen,What happens if there are no hospitals?,Easy care,More doctors,Less sickness,Hard care,Hard care,MCQ,
FBB378,38,What Would Happen,What happens if all water is salty?,Hard drink,Easy drink,More rain,More fish,Hard drink,MCQ,
FBB379,38,What Would Happen,What happens if we find a new planet?,Explore it,Paint it,Hide it,Eat it,Explore it,MCQ,
FBB380,38,What Would Happen,What happens if everyone washes hands?,More dust,Dirty hands,Less germs,More germs,Less germs,MCQ,
FBB381,39,What Would Happen,What happens if plants get no sunlight?,Grow weak,Bloom more,Grow fast,Run away,Grow weak,MCQ,
FBB382,39,What Would Happen,What happens if birds cannot fly?,Climb trees,Swim more,Run faster,Walk more,Walk more,MCQ,
FBB383,39,What Would Happen,What happens if we never learn?,Run faster,Stay smart,Grow taller,Know less,Know less,MCQ,
FBB384,39,What Would Happen,What happens if there are no seasons?,Same weather,Bigger moon,More fish,More stars,Same weather,MCQ,
FBB385,39,What Would Happen,What happens if cars use clean energy?,More smoke,Clean air,More noise,Less roads,Clean air,MCQ,
FBB386,39,What Would Happen,What happens if many trees are cut?,More homes,Less homes,More birds,More flowers,Less homes,MCQ,
FBB387,39,What Would Happen,What happens if gravity becomes weaker?,Grow big,Sink fast,Float more,Run slow,Float more,MCQ,
FBB388,39,What Would Happen,What happens if nobody reads books?,More sleep,Learn less,Learn more,More food,Learn less,MCQ,
FBB389,39,What Would Happen,What happens if all insects disappear?,More rain,More flowers,More birds,Less pollination,Less pollination,MCQ,
FBB390,39,What Would Happen,What happens if people ignore traffic rules?,Less cars,More accidents,Safe roads,Clean roads,More accidents,MCQ,
FBB391,40,What Would Happen,What happens if we have plenty of clean energy?,More smoke,Less pollution,No power,Less light,Less pollution,MCQ,
FBB392,40,What Would Happen,What happens if we eat only junk food?,Feel sick,Run faster,Stay healthy,Grow wings,Feel sick,MCQ,
FBB393,40,What Would Happen,What happens if there are no oceans?,More water,More fish,More boats,Less rain,Less rain,MCQ,
FBB394,40,What Would Happen,What happens if we save water?,Less water,More trash,More water,More smoke,More water,MCQ,
FBB395,40,What Would Happen,What happens if the Sun gets closer?,Very hot,Dark sky,Very cold,More rain,Very hot,MCQ,
FBB396,40,What Would Happen,What happens if we cannot see colors?,More hearing,Hard sorting,Faster running,Better sight,Hard sorting,MCQ,
FBB397,40,What Would Happen,What happens if hospitals have no computers?,More beds,Hard work,More food,Easy work,Hard work,MCQ,
FBB398,40,What Would Happen,What happens if everyone plants one tree?,More trash,Less air,Less trees,More trees,More trees,MCQ,
FBB399,40,What Would Happen,What happens if there is no oxygen?,More rain,No life,More plants,More fire,No life,MCQ,
FBB400,40,What Would Happen,What happens if we use less plastic?,Dirty air,More smoke,More trash,Clean Earth,Clean Earth,MCQ,
FBB401,41,What Would Happen,What would happen if the Moon became larger?,Plants would stop growing,Earth would stop moving,The Sun would disappear,Effects on tides could change,Effects on tides could change,MCQ,
FBB402,41,What Would Happen,What would happen if everyone helped each other?,Nature would disappear,People would stop learning,Communities could become stronger,Problems would increase,Communities could become stronger,MCQ,
FBB403,41,What Would Happen,What would happen if humans explored space more?,The Earth would vanish,Gravity would disappear,We could learn more about the universe,Stars would stop shining,We could learn more about the universe,MCQ,
FBB404,41,What Would Happen,What would happen if animals had no homes in nature?,They would live without habitats,They would stop needing food,Their survival would become difficult,They would all become pets,Their survival would become difficult,MCQ,
FBB405,41,Ethical Decisions,Your friend forgot his pencil. What should you do?,Ignore him,Help him if possible,Laugh at him,Hide your pencil,Help him if possible,MCQ,
FBB406,41,What Would Happen,What would happen if there were no rain?,Rivers would dry,People would stop talking,Stars would disappear,Oceans would vanish,Rivers would dry,MCQ,
FBB407,41,What Would Happen,What would happen if plants stopped making oxygen?,Animals would survive,Humans could not breathe,Water would stop flowing,The Sun would vanish,Humans could not breathe,MCQ,
FBB408,41,What Would Happen,What would happen if everyone recycled waste?,Pollution would decrease,Rivers would dry,People would stop eating,Trees would vanish,Pollution would decrease,MCQ,
FBB409,41,What Would Happen,What would happen if there were no Sun?,Oceans would dry,Earth would be dark and cold,Days would be longer,Stars would vanish,Earth would be dark and cold,MCQ,
FBB410,41,What Would Happen,What would happen if there were no schools?,Nature would stop growing,Children would stop learning,Books would disappear,Teachers would vanish,Children would stop learning,MCQ,
FBB411,42,Ethical Decisions,You see a classmate drop his lunch. What should you do?,Hide his lunch,Share your food,Laugh at him,Ignore him,Share your food,MCQ,
FBB412,42,Ethical Decisions,Your neighbor is sick. What should you do?,Ignore them,Offer help,Take their things,Make noise,Offer help,MCQ,
FBB413,42,Ethical Decisions,Your friend is new in school. What should you do?,Hide their books,Ignore them,Bother them,Welcome and help them,Welcome and help them,MCQ,
FBB414,42,Ethical Decisions,You see someone dropping their books. What should you do?,Laugh at them,Help pick them up,Step on the books,Walk away,Help pick them up,MCQ,
FBB415,42,Ethical Decisions,Your friend is feeling sad. What should you do?,Make fun of them,Ask what is wrong and support them,Tell others about it,Ignore them,Ask what is wrong and support them,MCQ,
FBB416,42,Ethical Decisions,Someone gives you a gift. What should you do?,Throw it away,Ask for more immediately,Say thank you,Ignore the person,Say thank you,MCQ,
FBB417,42,Ethical Decisions,You see a classmate struggling with homework. What should you do?,Help or explain politely,Do their homework without asking,Ignore them,Laugh at them,Help or explain politely,MCQ,
FBB418,42,Ethical Decisions,Your friend wins a competition. What should you do?,Ignore them,Try to spoil their success,Feel angry,Congratulate them,Congratulate them,MCQ,
FBB419,42,Ethical Decisions,You make a mistake and hurt someone. What should you do?,Run away,Blame them,Ignore it,Say sorry and correct it,Say sorry and correct it,MCQ,
FBB420,42,Ethical Decisions,You borrow a book from a friend. What should you do?,Return it on time,Damage it,Keep it forever,Lose it,Return it on time,MCQ,
FBB421,43,Ethical Decisions,Your friend shares a secret with you. What should you do?,Post it online,Keep Secret,Tell everyone,Make jokes about it,Keep Secret,MCQ,
FBB422,43,Ethical Decisions,You see someone being bullied. What should you do?,Help and inform an adult,Ignore always,Join the bullying,Laugh at them,Help and inform an adult,MCQ,
FBB423,43,Ethical Decisions,Your sibling needs help. What should you do?,Help if you can,Make fun of them,Hide their things,Refuse always,Help if you can,MCQ,
FBB424,43,Ethical Decisions,Your friend has a different opinion. What should you do?,Respect their opinion,Insult them,Fight with them,Stop talking forever,Respect their opinion,MCQ,
FBB425,43,Ethical Decisions,You see someone sitting alone during lunch. What should you do?,Take their food,Invite them to join,Ignore them,Laugh at them,Invite them to join,MCQ,
FBB426,43,Ethical Decisions,Your friend shares a success with you. What should you do?,Celebrate with them,Feel jealous,Ignore them,Make a negative comment,Celebrate with them,MCQ,
FBB427,43,Ethical Decisions,You accidentally break something at home. What should you do?,Run away,Hide it,Tell the truth,Blame someone else,Tell the truth,MCQ,
FBB428,43,Ethical Decisions,You see an elderly person carrying heavy bags. What should you do?,Take their bags without asking,Laugh at them,Ignore them,Offer help,Offer help,MCQ,
FBB429,43,Ethical Decisions,Your friend is learning something slowly. What should you do?,Be patient and help,Give up on them,Stop talking,Make fun of them,Be patient and help,MCQ,
FBB430,43,Ethical Decisions,You disagree with your teacher. What should you do?,Shout,Ignore the teacher,Ask politely,Argue rudely,Ask politely,MCQ,
FBB431,44,Ethical Decisions,You see someone cleaning the classroom. What should you do?,Make more mess,Disturb them,Ignore them,Help keep it clean,Help keep it clean,MCQ,
FBB432,44,Ethical Decisions,Your friend forgets their lunch. What should you do?,Ignore them,Hide your food,Share if possible,Laugh at them,Share if possible,MCQ,
FBB433,44,Ethical Decisions,Someone apologizes to you. What should you do?,Accept their apology,Keep fighting,Ignore forever,Insult them,Accept their apology,MCQ,
FBB434,44,Ethical Decisions,You see someone being kind to others. What should you do?,Ignore completely,Make fun of them,"Say ""Good Job!""",Stop them,"Say ""Good Job!""",MCQ,
FBB435,44,Ethical Decisions,You make a promise to your friend. What should you do?,Forget it,Break it intentionally,Lie about it,Keep your promise,Keep your promise,MCQ,
FBB436,44,Ethical Decisions,Your friend is having difficulty carrying books. What should you do?,Walk away,Help carry some books,Hide their books,Laugh at them,Help carry some books,MCQ,
FBB437,44,Ethical Decisions,You see someone being left out of a game. What should you do?,Ignore them,Invite them to play,Make fun of them,Take the game away,Invite them to play,MCQ,
FBB438,44,Ethical Decisions,Your friend shares a good idea in class. What should you do?,Ignore them,Copy and take credit,Laugh at them,"Say ""Good idea!""","Say ""Good idea!""",MCQ,
FBB439,44,Ethical Decisions,You accidentally step on someone's foot. What should you do?,Say sorry,Blame them,Run away,Laugh,Say sorry,MCQ,
FBB440,44,Ethical Decisions,Your friend is nervous before a test. What should you do?,Ignore them,Encourage them,Scare them,Make jokes about them,Encourage them,MCQ,
FBB441,45,Ethical Decisions,You see someone throwing garbage on the ground. What should you do?,Politely tell them to use a bin,Laugh at them,Join them,Throw more garbage,Politely tell them to use a bin,MCQ,
FBB442,45,Ethical Decisions,Your classmate forgot their lunch money. What should you do?,Ignore them,Tell everyone,Make fun of them,Help if possible,Help if possible,MCQ,
FBB443,45,Ethical Decisions,Your friend is crying because they lost something. What should you do?,Laugh at them,Help them find it,Hide it,Ignore them,Help them find it,MCQ,
FBB444,45,Ethical Decisions,You borrow a toy from your friend. What should you do?,Return it carefully,Keep it forever,Break it,Lose it,Return it carefully,MCQ,
FBB445,45,Ethical Decisions,You see a younger child needing help. What should you do?,Ignore them,Take their things,Help them safely,Tease them,Help them safely,MCQ,
FBB446,45,Ethical Decisions,Your friend makes a mistake while playing. What should you do?,Laugh at them,Blame them,Stop playing forever,Encourage them,Encourage them,MCQ,
FBB447,45,Ethical Decisions,You notice someone is alone at school. What should you do?,Avoid them,Talk and include them,Ignore them,Make fun of them,Talk and include them,MCQ,
FBB448,45,Ethical Decisions,Your friend helps you with a problem. What should you do?,Ignore them,Make fun of them,Refuse politely,Thank them,Thank them,MCQ,
FBB449,45,Ethical Decisions,You find a mistake in your friend's work. What should you do?,Ignore them,Destroy it,Help them correct it,Publicly embarrass them,Help them correct it,MCQ,
FBB450,45,Ethical Decisions,Your friend is angry with you. What should you do?,Talk calmly,Insult them,Fight back,Ignore forever,Talk calmly,MCQ,
FBB451,46,Ethical Decisions,You see someone sharing their food with others. What should you do?,Stop them,Take all the food,Appreciate their kindness,Laugh at them,Appreciate their kindness,MCQ,
FBB452,46,Ethical Decisions,You receive praise for teamwork. What should you do?,Ignore teammates,Thank your team,Blame others,Take all credit,Thank your team,MCQ,
FBB453,46,Ethical Decisions,Your friend has a different culture or habit. What should you do?,Insult them,Exclude them,Make jokes,Respect differences,Respect differences,MCQ,
FBB454,46,Ethical Decisions,You see someone struggling with a task. What should you do?,Leave immediately,Make fun of them,Offer help,Make it harder,Offer help,MCQ,
FBB455,46,Ethical Decisions,Your friend tells you they are worried. What should you do?,Laugh,Listen and support them,Share their problem with everyone,Ignore them,Listen and support them,MCQ,
FBB456,46,Ethical Decisions,You disagree during a group project. What should you do?,Fight with members,Discuss politely,Refuse to listen,Quit immediately,Discuss politely,MCQ,
FBB457,46,Ethical Decisions,You see someone return a lost item. What should you do?,Appreciate honesty,Hide another item,Make fun of them,Ignore them,Appreciate honesty,MCQ,
FBB458,46,Ethical Decisions,Your friend is learning a new skill. What should you do?,Stop them,Say they cannot do it,Laugh at mistakes,Encourage practice,Encourage practice,MCQ,
FBB459,46,Ethical Decisions,You make a promise to help someone. What should you do?,Lie about it,Avoid them,Forget intentionally,Try to keep it,Try to keep it,MCQ,
FBB460,46,Ethical Decisions,You see a person helping others. What should you do?,Stop them,Ignore completely,Respect and appreciate them,Mock them,Respect and appreciate them,MCQ,
FBB461,47,Ethical Decisions,Your friend forgets to bring a ruler in class. What should you do?,Ignore them,Laugh at them,Hide your ruler,Help by sharing your ruler,Help by sharing your ruler,MCQ,
FBB462,47,Ethical Decisions,You see your classmate cleaning the classroom. What should you do?,Make more mess,Help them keep it clean,Ignore them,Stop them,Help them keep it clean,MCQ,
FBB463,47,Ethical Decisions,Your friend makes a mistake while speaking. What should you do?,Encourage them,Stop them,Mimic and laugh,Insult them,Encourage them,MCQ,
FBB464,47,Ethical Decisions,You see someone being kind to another person. What should you do?,Ignore them,Appreciate their kindness,Stop them,Make fun of them,Appreciate their kindness,MCQ,
FBB465,47,Ethical Decisions,Your friend is worried about a problem. What should you do?,Tell others as a joke,Listen and support them,Spread their problem,Ignore them,Listen and support them,MCQ,
FBB466,47,Ethical Decisions,You are playing a game and your friend loses. What should you do?,Blame them,Refuse to play again,Laugh at them,Be kind and encourage them,Be kind and encourage them,MCQ,
FBB467,47,Ethical Decisions,You notice someone is having trouble understanding a lesson. What should you do?,Explain and help them,Take their notebook,Ignore them,Laugh at them,Explain and help them,MCQ,
FBB468,47,Ethical Decisions,Your friend shares their achievement with you. What should you do?,Ignore them,Feel angry,Congratulate them,Say something negative,Congratulate them,MCQ,
FBB469,47,Ethical Decisions,"""You accidentally take someone's pencil by mistake. What should you do?""",Hide it,Return it and apologize,Blame them,Keep it,Return it and apologize,MCQ,
FBB470,47,Ethical Decisions,You see someone crying at school. What should you do?,Laugh at them,Make jokes,Walk away immediately,Ask if they need help,Ask if they need help,MCQ,
FBB471,48,Ethical Decisions,Your friend invites you to play; but another child is alone. What should you do?,Ignore the child,Make fun of them,Include the lonely child,Leave everyone,Include the lonely child,MCQ,
FBB472,48,Ethical Decisions,You borrow something from a friend. What should you do after using it?,Keep it,Break it,Forget about it,Return it safely,Return it safely,MCQ,
FBB473,48,Ethical Decisions,You see someone making a mistake in a group activity. What should you do?,Help them improve,Make fun of them,Remove them,Blame them,Help them improve,MCQ,
FBB474,48,Ethical Decisions,Your friend is different from you in some ways. What should you do?,Respect their differences,Avoid them,Insult them,Make jokes about them,Respect their differences,MCQ,
FBB475,48,Ethical Decisions,You find a lost notebook in your classroom. What should you do?,Return it to the owner,Hide it,Keep it,Tear pages,Return it to the owner,MCQ,
FBB476,48,Ethical Decisions,You are working in a team project. What should you do?,Only take credit,Ignore others,Do nothing,Cooperate with teammates,Cooperate with teammates,MCQ,
FBB477,48,Ethical Decisions,Your friend apologizes after making a mistake. What should you do?,Insult them,Tell everyone,Accept the apology,Keep being angry,Accept the apology,MCQ,
FBB478,48,Ethical Decisions,You see someone helping an elderly person. What should you do?,Stop them,Ignore them,Laugh at them,Respect their kindness,Respect their kindness,MCQ,
FBB479,48,Ethical Decisions,Your friend is not good at a sport. What should you do?,Stop them from playing,Exclude them,Make fun of them,Encourage them,Encourage them,MCQ,
FBB480,48,Ethical Decisions,You make a promise to help a friend. What should you do?,Lie about it,Keep your promise,Forget it intentionally,Avoid your friend,Keep your promise,MCQ,
FBB481,49,Ethical Decisions,You see someone sharing their food with others. What should you do?,Take all the food,Thank and appreciate them,Make fun of them,Ignore them,Thank and appreciate them,MCQ,
FBB482,49,Ethical Decisions,Your friend is nervous before performing on stage. What should you do?,Laugh at them,Scare them,Encourage them,Discourage them,Encourage them,MCQ,
FBB483,49,Ethical Decisions,You see someone dropping trash accidentally. What should you do?,Push them,Laugh at them,Add more trash,Politely remind them,Politely remind them,MCQ,
FBB484,49,Ethical Decisions,Your friend helps you solve a difficult problem. What should you do?,Make fun of them,Ignore them,Take credit,Thank them,Thank them,MCQ,
FBB485,49,Ethical Decisions,You see a friend drop his wallet. What should you do?,Keep it,Ignore it,Hide it,Return it,Return it,MCQ,
FBB486,49,Ethical Decisions,Your classmate is struggling with homework. What should you do?,Ignore,Laugh,Take credit,Offer help,Offer help,MCQ,
FBB487,49,Ethical Decisions,You borrowed a book from a friend. What should you do?,Hide it,Return it,Tear it,Lose it,Return it,MCQ,
FBB488,49,Ethical Decisions,You see someone crying. What should you do?,Ignore,Comfort them,Run away,Laugh,Comfort them,MCQ,
FBB489,49,Ethical Decisions,Your teacher drops papers. What should you do?,Ignore,Pick them up,Laugh,Kick them,Pick them up,MCQ,
FBB490,49,Ethical Decisions,You break a toy at school. What should you do?,Admit mistake,Blame others,Ignore,Hide it,Admit mistake,MCQ,
FBB491,50,Ethical Decisions,You see a friend being teased. What should you do?,Inform teacher,Ignore,Join teasing,Laugh,Inform teacher,MCQ,
FBB492,50,Ethical Decisions,You promised to share your snack. What should you do?,Share it,Hide it,Forget,Eat alone,Share it,MCQ,
FBB493,50,Ethical Decisions,You see trash on the playground. What should you do?,Throw more,Ignore,Kick it,Pick it up,Pick it up,MCQ,
FBB494,50,Ethical Decisions,Your friend is late to class. What should you do?,Blame,Help explain,Laugh,Ignore,Help explain,MCQ,
FBB495,50,Ethical Decisions,You see someone drop money. What should you do?,Return it,Keep it,Spend it,Hide it,Return it,MCQ,
FBB496,50,Ethical Decisions,Your friend shares notes with you. What should you do?,Laugh,Tear notes,Thank them,Ignore,Thank them,MCQ,
FBB497,50,Ethical Decisions,You see a stranger asking for directions. What should you do?,Ignore,Laugh,Run away,Help politely,Help politely,MCQ,
FBB498,50,Ethical Decisions,You accidentally hurt a friend. What should you do?,Apologize,Blame them,Laugh,Ignore,Apologize,MCQ,
FBB499,50,Ethical Decisions,You see a classmate without lunch. What should you do?,Laugh,Share food,Ignore,Hide food,Share food,MCQ,
FBB500,50,Ethical Decisions,You borrowed a pencil. What should you do?,Return it,Break it,Hide it,Ignore,Return it,MCQ,
