Id,Level,TopicHeadings,Question,Option1,Option2,Option3,Option4,Correct_Option,QuestionType,QuestionData
FMAT1,1,Numbers,Choose the larger number,13,17,,,17,MCQ,
FMAT2,1,Numbers,Choose the larger number,27,32,,,32,MCQ,
FMAT3,1,Numbers,Choose the larger number,23,22,,,23,MCQ,
FMAT4,1,Numbers,Choose the larger number,45,39,,,45,MCQ,
FMAT5,1,Numbers,Choose the larger number,68,74,,,74,MCQ,
FMAT6,1,Numbers,Choose the larger number,91,89,,,91,MCQ,
FMAT7,1,Numbers,Choose the larger number,56,65,,,65,MCQ,
FMAT8,1,Numbers,Choose the larger number,14,9,,,14,MCQ,
FMAT9,1,Numbers,Choose the larger number,83,80,,,83,MCQ,
FMAT10,1,Numbers,Choose the larger number,100,91,,,100,MCQ,
FMAT11,2,Numbers,Select the greatest number.,45,67,34,50,67,MCQ,
FMAT12,2,Numbers,Select the greatest number.,35,18,42,27,42,MCQ,
FMAT13,2,Numbers,Select the greatest number.,61,44,56,39,61,MCQ,
FMAT14,2,Numbers,Select the greatest number.,85,91,68,73,91,MCQ,
FMAT15,2,Numbers,Select the greatest number.,19,25,9,12,25,MCQ,
FMAT16,2,Numbers,Select the greatest number.,81,76,94,88,94,MCQ,
FMAT17,2,Numbers,Select the greatest number.,41,52,30,47,52,MCQ,
FMAT18,2,Numbers,Select the greatest number.,64,71,59,66,71,MCQ,
FMAT19,2,Numbers,Select the greatest number.,29,17,22,14,29,MCQ,
FMAT20,2,Numbers,Select the greatest number.,79,95,98,83,98,MCQ,
FMAT21,3,Numbers,Which number is smaller.,65,56,,,56,MCQ,
FMAT22,3,Numbers,Which number is smaller.,18,24,,,18,MCQ,
FMAT23,3,Numbers,Which number is smaller.,72,69,,,69,MCQ,
FMAT24,3,Numbers,Which number is smaller.,91,84,,,84,MCQ,
FMAT25,3,Numbers,Which number is smaller.,37,45,,,37,MCQ,
FMAT26,3,Numbers,Which number is smaller.,58,63,,,58,MCQ,
FMAT27,3,Numbers,Which number is smaller.,29,16,,,16,MCQ,
FMAT28,3,Numbers,Which number is smaller.,80,98,,,80,MCQ,
FMAT29,3,Numbers,Which number is smaller.,54,47,,,47,MCQ,
FMAT30,3,Numbers,Which number is smaller.,33,39,,,33,MCQ,
FMAT31,4,Numbers,Select the smallest number.,45,67,34,50,34,MCQ,
FMAT32,4,Numbers,Select the smallest number.,82,19,56,73,19,MCQ,
FMAT33,4,Numbers,Select the smallest number.,38,91,44,27,27,MCQ,
FMAT34,4,Numbers,Select the smallest number.,60,75,48,53,48,MCQ,
FMAT35,4,Numbers,Select the smallest number.,99,84,76,88,76,MCQ,
FMAT36,4,Numbers,Select the smallest number.,31,57,22,46,22,MCQ,
FMAT37,4,Numbers,Select the smallest number.,69,41,58,63,41,MCQ,
FMAT38,4,Numbers,Select the smallest number.,94,80,87,72,72,MCQ,
FMAT39,4,Numbers,Select the smallest number.,55,29,36,47,29,MCQ,
FMAT40,4,Numbers,Select the smallest number.,18,66,39,52,18,MCQ,
FMAT41,5,Numbers,Which is the correct ascending order? (Smallest to Biggest),23  < 34  < 43,23  < 43  < 34,34  < 23  < 43,43  < 34  < 23,23  < 34  < 43,MCQ,
FMAT42,5,Numbers,Which is the correct ascending order? (Smallest to Biggest),79 < 62 < 45,45 < 79 < 62,45 < 62 < 79,62 < 45 < 79,45 < 62 < 79,MCQ,
FMAT43,5,Numbers,Which is the correct ascending order? (Smallest to Biggest),74 < 58 < 91,58 < 74 < 91,91 < 74 < 58,58 < 91 < 74,58 < 74 < 91,MCQ,
FMAT44,5,Numbers,Which is the correct ascending order? (Smallest to Biggest),48 < 36 < 65,65 < 48 < 36,36 < 65 < 48,36 < 48 < 65,36 < 48 < 65,MCQ,
FMAT45,5,Numbers,Which is the correct ascending order? (Smallest to Biggest),84 < 97 < 89,84 < 89 < 97,89 < 84 < 97,97 < 89 < 84,84 < 89 < 97,MCQ,
FMAT46,5,Numbers,Which is the correct ascending order? (Smallest to Biggest),53 < 27 < 11,27 < 11 < 53,11 < 53 < 27,11 < 27 < 53,11 < 27 < 53,MCQ,
FMAT47,5,Numbers,Which is the correct ascending order? (Smallest to Biggest),19 < 68 < 41,68 < 41 < 19,19 < 41 < 68,41 < 19 < 68,19 < 41 < 68,MCQ,
FMAT48,5,Numbers,Which is the correct ascending order? (Smallest to Biggest),32 < 76 < 57,32 < 57 < 76,76 < 57 < 32,57 < 32 < 76,32 < 57 < 76,MCQ,
FMAT49,5,Numbers,Which is the correct ascending order? (Smallest to Biggest),14 < 38 < 59,59 < 38 < 14,38 < 14 < 59,14 < 59 < 38,14 < 38 < 59,MCQ,
FMAT50,5,Numbers,Which is the correct ascending order? (Smallest to Biggest),83 < 49 < 26,49 < 26 < 83,26 < 83 < 49,26 < 49 < 83,26 < 49 < 83,MCQ,
FMAT51,6,Numbers,Choose the middle number.,65,56,59,,59,MCQ,
FMAT52,6,Numbers,Choose the middle number.,18,27,22,,22,MCQ,
FMAT53,6,Numbers,Choose the middle number.,45,38,51,,45,MCQ,
FMAT54,6,Numbers,Choose the middle number.,74,69,82,,74,MCQ,
FMAT55,6,Numbers,Choose the middle number.,33,41,29,,33,MCQ,
FMAT56,6,Numbers,Choose the middle number.,90,97,93,,93,MCQ,
FMAT57,6,Numbers,Choose the middle number.,58,63,49,,58,MCQ,
FMAT58,6,Numbers,Choose the middle number.,16,11,24,,16,MCQ,
FMAT59,6,Numbers,Choose the middle number.,80,76,88,,80,MCQ,
FMAT60,6,Numbers,Choose the middle number.,54,61,57,,57,MCQ,
FMAT61,7,Numbers,Which is the correct descending order? (Biggest to Smallest),23 > 34 > 43,43 > 34 > 23,34 > 43 > 23,43 > 23 > 34,43 > 34 > 23,MCQ,
FMAT62,7,Numbers,Which is the correct descending order? (Biggest to Smallest),45 > 62 > 79,79 > 45 > 62,79 > 62 > 45,62 > 79 > 45,79 > 62 > 45,MCQ,
FMAT63,7,Numbers,Which is the correct descending order? (Biggest to Smallest),18 > 27 > 36,27 > 36 > 18,36 > 27 > 18,36 > 18 > 27,36 > 27 > 18,MCQ,
FMAT64,7,Numbers,Which is the correct descending order? (Biggest to Smallest),91 > 84 > 73,84 > 91 > 73,73 > 84 > 91,91 > 73 > 84,91 > 84 > 73,MCQ,
FMAT65,7,Numbers,Which is the correct descending order? (Biggest to Smallest),52 > 64 > 39,64 > 52 > 39,39 > 52 > 64,64 > 39 > 52,64 > 52 > 39,MCQ,
FMAT66,7,Numbers,Which is the correct descending order? (Biggest to Smallest),88 > 95 > 79,95 > 79 > 88,95 > 88 > 79,88 > 79 > 95,95 > 88 > 79,MCQ,
FMAT67,7,Numbers,Which is the correct descending order? (Biggest to Smallest),47 > 31 > 56,31 > 47 > 56,56 > 47 > 31,56 > 31 > 47,56 > 47 > 31,MCQ,
FMAT68,7,Numbers,Which is the correct descending order? (Biggest to Smallest),68 > 75 > 59,75 > 68 > 59,59 > 75 > 68,75 > 59 > 68,75 > 68 > 59,MCQ,
FMAT69,7,Numbers,Which is the correct descending order? (Biggest to Smallest),24 > 19 > 41,41 > 19 > 24,41 > 24 > 19,24 > 41 > 19,41 > 24 > 19,MCQ,
FMAT70,7,Numbers,Which is the correct descending order? (Biggest to Smallest),82 > 70 > 65,70 > 82 > 65,65 > 70 > 82,82 > 65 > 70,82 > 70 > 65,MCQ,
FMAT71,8,Word Problems (Numbers),"Arif owns 14 toy cars, 9 toy trains, and 11 toy planes. Which toy does he have the least of?",Cars,Trains,Planes,,Trains,MCQ,
FMAT72,8,Word Problems (Numbers),"Maya has 18 red balloons, 25 blue balloons, and 21 yellow balloons. Which color does she have the least of?",Red,Blue,Yellow,,Red,MCQ,
FMAT73,8,Word Problems (Numbers),"Rafi collected 16 stamps, 12 coins, and 19 postcards. Which collection is the smallest?",Stamps,Coins,Postcards,,Coins,MCQ,
FMAT74,8,Word Problems (Numbers),"Nila picked 27 mangoes, 31 oranges, and 24 guavas. Which fruit did she pick the least?",Oranges,Guavas,Mangoes,,Guavas,MCQ,
FMAT75,8,Word Problems (Numbers),"A shop sold 45 pencils, 38 erasers, and 42 rulers. Which item was sold the least?",Rulers,Pencils,Erasers,,Erasers,MCQ,
FMAT76,8,Word Problems (Numbers),"Tom has 13 marbles, 20 stickers, and 17 crayons. Which does Tom have the least?",Crayons,Marbles,Stickers,,Marbles,MCQ,
FMAT77,8,Word Problems (Numbers),"Sara read 22 pages on Monday, 18 pages on Tuesday, and 25 pages on Wednesday. On which day did she read the fewest pages?",Wednesday,Tuesday,Monday,,Tuesday,MCQ,
FMAT78,8,Word Problems (Numbers),"A farmer has 36 chickens, 29 ducks, and 41 goats. Which animal does the farmer have the least of?",Goats,Chickens,Ducks,,Ducks,MCQ,
FMAT79,8,Word Problems (Numbers),"Lina baked 15 cookies, 12 cupcakes, and 19 muffins. Which did she bake the least?",Cookies,Muffins,Cupcakes,,Cupcakes,MCQ,
FMAT80,8,Word Problems (Numbers),"Four baskets contain 26 apples, 33 apples, and 21 apples. Which basket has the fewest apples?",33 apples,21 apples,26 apples,,21 apples,MCQ,
FMAT81,9,Word Problems (Numbers),"The zoo has 7 lions, 12 elephants, and 10 giraffes. Which animal group is the biggest?",Lion,Elephant,Giraffe,,Elephant,MCQ,
FMAT82,9,Word Problems (Numbers),"A fruit shop has 18 apples, 24 oranges, and 21 bananas. Which fruit has the greatest quantity?",Bananas,Apples,Oranges,,Oranges,MCQ,
FMAT83,9,Word Problems (Numbers),"Mina collected 15 shells, 19 pebbles, and 13 leaves. Which collection is the biggest?",Leaves,Pebbles,Shells,,Pebbles,MCQ,
FMAT84,9,Word Problems (Numbers),"A classroom has 28 storybooks, 35 math books, and 31 science books. Which type of book is the most?",Science books,Math books,Storybooks,,Math books,MCQ,
FMAT85,9,Word Problems (Numbers),"Rahim has 16 toy cars, 22 toy robots, and 20 toy trains. Which toy does he have the most of?",Toy cars,Toy trains,All are equal,,Toy robots,MCQ,
FMAT86,9,Word Problems (Numbers),"A farmer has 32 chickens, 27 ducks, and 39 goats. Which animal group is the biggest?",Goats,Ducks,Chickens,,Goats,MCQ,
FMAT87,9,Word Problems (Numbers),"Sara picked 25 roses, 18 tulips, and 30 sunflowers. Which flower did she pick the most?",Tulips,Sunflowers,Roses,,Sunflowers,MCQ,
FMAT88,9,Word Problems (Numbers),"A library has 42 comics, 37 novels, and 45 magazines. Which section has the most books?",Novels,Comics,Magazines,,Magazines,MCQ,
FMAT89,9,Word Problems (Numbers),"A bakery sold 29 cupcakes, 34 cookies, and 31 muffins. Which item was sold the most?",Cookies,Muffins,Cupcakes,,Cookies,MCQ,
FMAT90,9,Word Problems (Numbers),"Four baskets contain 26 apples, 33 oranges, and 29 pears. Which fruit has the greatest quantity?",Pears,Apples,Oranges,,Oranges,MCQ,
FMAT91,10,Word Problems (Numbers),"Rina has 12 apples, 18 bananas, and 15 oranges. Which fruit sits between the others in number?",Apple,Banana,Oranges,,Oranges,MCQ,
FMAT92,10,Word Problems (Numbers),"Arif has 9 toy cars, 16 toy trains, and 12 toy planes. Which toy sits between the others in number?",Toy trains,Toy planes,Toy cars,,Toy planes,MCQ,
FMAT93,10,Word Problems (Numbers),"Maya picked 21 flowers, 14 leaves, and 18 stones. Which item sits between the others in number?",Flowers,Leaves,Stones,,Stones,MCQ,
FMAT94,10,Word Problems (Numbers),"A zoo has 8 lions, 15 tigers, and 11 bears. Which animal group sits between the others in number?",Bears,Lions,Tigers,,Bears,MCQ,
FMAT95,10,Word Problems (Numbers),"Sara has 30 crayons, 24 pencils, and 27 erasers. Which school item sits between the others in number?",Pencils,Erasers,Crayons,,Erasers,MCQ,
FMAT96,10,Word Problems (Numbers),"A farmer has 35 chickens, 28 ducks, and 31 goats. Which animal group sits between the others in number?",Goats,Ducks,Chickens,,Goats,MCQ,
FMAT97,10,Word Problems (Numbers),"A library has 42 storybooks, 37 comics, and 40 science books. Which type of book sits between the others in number?",Science books,Storybooks,Comics,,Science books,MCQ,
FMAT98,10,Word Problems (Numbers),"Lina baked 19 cookies, 25 cupcakes, and 22 muffins. Which snack sits between the others in number?",Cupcakes,Cookies,Muffins,,Muffins,MCQ,
FMAT99,10,Word Problems (Numbers),"A shop sold 48 notebooks, 39 rulers, and 44 pens. Which item sits between the others in number?",Rulers,Pens,Notebooks,,Pens,MCQ,
FMAT100,10,Word Problems (Numbers),"Tom collected 17 stamps, 11 coins, and 14 postcards. Which collection sits between the others in number?",Postcards,Stamps,Coins,,Postcards,MCQ,
FMAT101,11,Mental Math (Numbers),What number comes after 48?,49,47,50,46,49,MCQ,
FMAT102,11,Mental Math (Numbers),What number comes before 70?,69,71,68,72,69,MCQ,
FMAT103,11,Mental Math (Numbers),Which number is closest to 50?,49,56,43,61,49,MCQ,
FMAT104,11,Mental Math (Numbers),How many tens are in 80?,7,8,9,6,8,MCQ,
FMAT105,11,Mental Math (Numbers),Which number is an even number?,35,42,57,69,42,MCQ,
FMAT106,11,Mental Math (Numbers),Which number is an odd number?,24,38,51,66,51,MCQ,
FMAT107,11,Mental Math (Numbers),What is 10 more than 35?,40,45,55,50,45,MCQ,
FMAT108,11,Mental Math (Numbers),What is 10 less than 64?,44,74,54,64,54,MCQ,
FMAT109,11,Mental Math (Numbers),Which number is between 39 and 41?,38,40,42,43,40,MCQ,
FMAT110,11,Mental Math (Numbers),Which number comes just before 100?,98,100,97,99,99,MCQ,
FMAT111,12,Mental Math (Numbers),What number comes after 63?,64,62,65,61,64,MCQ,
FMAT112,12,Mental Math (Numbers),What number comes before 25?,26,23,24,22,24,MCQ,
FMAT113,12,Mental Math (Numbers),Which number is closest to 80?,78,81,85,74,81,MCQ,
FMAT114,12,Mental Math (Numbers),How many tens are in 50?,6,4,5,7,5,MCQ,
FMAT115,12,Mental Math (Numbers),Which number is an even number?,73,58,41,65,58,MCQ,
FMAT116,12,Mental Math (Numbers),Which number is an odd number?,28,44,39,62,39,MCQ,
FMAT117,12,Mental Math (Numbers),What is 10 more than 47?,67,57,56,37,57,MCQ,
FMAT118,12,Mental Math (Numbers),What is 10 less than 91?,71,81,90,101,81,MCQ,
FMAT119,12,Mental Math (Numbers),Which number is between 54 and 56?,53,57,55,58,55,MCQ,
FMAT120,12,Mental Math (Numbers),What number comes just after 89?,90,88,91,87,90,MCQ,
FMAT121,13,Mental Math (Numbers),What number comes after 26?,28,27,25,29,27,MCQ,
FMAT122,13,Mental Math (Numbers),What number comes before 51?,49,50,52,48,50,MCQ,
FMAT123,13,Mental Math (Numbers),Which number is closest to 30?,27,34,31,25,31,MCQ,
FMAT124,13,Mental Math (Numbers),How many tens are in 90?,8,10,9,7,9,MCQ,
FMAT125,13,Mental Math (Numbers),Which number is an even number?,55,68,71,83,68,MCQ,
FMAT126,13,Mental Math (Numbers),Which number is an odd number?,40,72,95,18,95,MCQ,
FMAT127,13,Mental Math (Numbers),What is 10 more than 62?,82,72,52,63,72,MCQ,
FMAT128,13,Mental Math (Numbers),What is 10 less than 43?,53,23,33,34,33,MCQ,
FMAT129,13,Mental Math (Numbers),Which number is between 67 and 69?,70,66,68,71,68,MCQ,
FMAT130,13,Mental Math (Numbers),What number comes just before 40?,38,41,40,39,39,MCQ,
FMAT131,14,Mental Math (Numbers),What number comes after 37? Answer: _____,,,,,38,FillBlank,
FMAT132,14,Mental Math (Numbers),What number comes before 64? Answer: _____,,,,,63,FillBlank,
FMAT133,14,Mental Math (Numbers),What is 10 more than 28? Answer: _____,,,,,38,FillBlank,
FMAT134,14,Mental Math (Numbers),What is 10 less than 75? Answer: _____,,,,,65,FillBlank,
FMAT135,14,Mental Math (Numbers),How many tens are in 40? Answer: _____,,,,,4,FillBlank,
FMAT136,14,Mental Math (Numbers),Which number is between 52 and 54? Answer: _____,,,,,53,FillBlank,
FMAT137,14,Mental Math (Numbers),What number comes just before 90? Answer: _____,,,,,89,FillBlank,
FMAT138,14,Mental Math (Numbers),What number comes just after 81? Answer: _____,,,,,82,FillBlank,
FMAT139,14,Mental Math (Numbers),What is 10 more than 66? Answer: _____,,,,,76,FillBlank,
FMAT140,14,Mental Math (Numbers),What is 10 less than 33? Answer: _____,,,,,23,FillBlank,
FMAT141,15,Mental Math (Numbers),What number comes after 58? Answer: _____,,,,,59,FillBlank,
FMAT142,15,Mental Math (Numbers),What number comes before 32? Answer: _____,,,,,31,FillBlank,
FMAT143,15,Mental Math (Numbers),What is 10 more than 41? Answer: _____,,,,,51,FillBlank,
FMAT144,15,Mental Math (Numbers),What is 10 less than 88? Answer: _____,,,,,78,FillBlank,
FMAT145,15,Mental Math (Numbers),How many tens are in 70? Answer: _____,,,,,7,FillBlank,
FMAT146,15,Mental Math (Numbers),Which number is between 46 and 48? Answer: _____,,,,,47,FillBlank,
FMAT147,15,Mental Math (Numbers),What number comes just before 100? Answer: _____,,,,,99,FillBlank,
FMAT148,15,Mental Math (Numbers),What number comes just after 14? Answer: _____,,,,,15,FillBlank,
FMAT149,15,Mental Math (Numbers),What is 10 more than 53? Answer: _____,,,,,63,FillBlank,
FMAT150,15,Mental Math (Numbers),What is 10 less than 27? Answer: _____,,,,,17,FillBlank,
FMAT151,16,Mental Math (Numbers),What is 2 more than 18? Answer: _____,,,,,20,FillBlank,
FMAT152,16,Mental Math (Numbers),What is 3 less than 27? Answer: _____,,,,,24,FillBlank,
FMAT153,16,Mental Math (Numbers),What is 4 more than 35? Answer: _____,,,,,39,FillBlank,
FMAT154,16,Mental Math (Numbers),What is 5 less than 42? Answer: _____,,,,,37,FillBlank,
FMAT155,16,Mental Math (Numbers),What is 2 less than 61? Answer: _____,,,,,59,FillBlank,
FMAT156,16,Mental Math (Numbers),What is 3 more than 54? Answer: _____,,,,,57,FillBlank,
FMAT157,16,Mental Math (Numbers),What is 5 more than 70? Answer: _____,,,,,75,FillBlank,
FMAT158,16,Mental Math (Numbers),What is 4 less than 29? Answer: _____,,,,,25,FillBlank,
FMAT159,16,Mental Math (Numbers),What is 3 less than 96? Answer: _____,,,,,93,FillBlank,
FMAT160,16,Mental Math (Numbers),What is 2 more than 47? Answer: _____,,,,,49,FillBlank,
FMAT161,17,Mental Math (Numbers),What is 4 more than 22? Answer: _____,,,,,26,FillBlank,
FMAT162,17,Mental Math (Numbers),What is 2 less than 49? Answer: _____,,,,,47,FillBlank,
FMAT163,17,Mental Math (Numbers),What is 5 more than 31? Answer: _____,,,,,36,FillBlank,
FMAT164,17,Mental Math (Numbers),What is 3 less than 58? Answer: _____,,,,,55,FillBlank,
FMAT165,17,Mental Math (Numbers),What is 2 more than 64? Answer: _____,,,,,66,FillBlank,
FMAT166,17,Mental Math (Numbers),What is 4 less than 73? Answer: _____,,,,,69,FillBlank,
FMAT167,17,Mental Math (Numbers),What is 5 less than 86? Answer: _____,,,,,81,FillBlank,
FMAT168,17,Mental Math (Numbers),What is 3 more than 45? Answer: _____,,,,,48,FillBlank,
FMAT169,17,Mental Math (Numbers),What is 2 less than 91? Answer: _____,,,,,89,FillBlank,
FMAT170,17,Mental Math (Numbers),What is 5 more than 52? Answer: _____,,,,,57,FillBlank,
FMAT171,18,Place Value,What number is made by 4 tens and 5 ones?,,,,,45,FillBlank,
FMAT172,18,Place Value,What number is made by 6 tens and 3 ones?,,,,,63,FillBlank,
FMAT173,18,Place Value,"What number is made by 7 hundreds, 2 tens, and 4 ones?",,,,,724,FillBlank,
FMAT174,18,Place Value,What number is made by 9 hundreds and 5 ones?,,,,,905,FillBlank,
FMAT175,18,Place Value,"What number is made by 3 hundreds, 5 tens, and 2 ones?",,,,,352,FillBlank,
FMAT176,18,Place Value,"What number is made by 8 hundreds, 4 tens, and 6 ones?",,,,,846,FillBlank,
FMAT177,18,Place Value,"What number is made by 5 hundreds, 7 tens, and 9 ones?",,,,,579,FillBlank,
FMAT178,18,Place Value,"What number is made by 2 hundreds, 3 tens, and 0 ones?",,,,,230,FillBlank,
FMAT179,18,Place Value,"What number is made by 6 hundreds, 0 tens, and 4 ones?",,,,,604,FillBlank,
FMAT180,18,Place Value,"What number is made by 9 hundreds, 1 ten, and 8 ones?",,,,,918,FillBlank,
FMAT181,19,Place Value,What is the value of 5 in 56?,5,50,500,6,50,MCQ,
FMAT182,19,Place Value,What is the value of 3 in 342?,3,30,300,2,300,MCQ,
FMAT183,19,Place Value,"In the number 478, which digit is in the tens place?",4,7,8,0,7,MCQ,
FMAT184,19,Place Value,"In the number 625, which digit is in the hundreds place?",6,2,5,0,6,MCQ,
FMAT185,19,Place Value,What is the value of 8 in 483?,8,80,800,3,80,MCQ,
FMAT186,19,Place Value,What is the value of 6 in 642?,6,60,600,2,600,MCQ,
FMAT187,19,Place Value,In the number 391:  which digit is in the ones place?,3,9,1,0,1,MCQ,
FMAT188,19,Place Value,In the number 857:  which digit is in the hundreds place?,8,5,7,0,8,MCQ,
FMAT189,19,Place Value,What is the value of 2 in 724?,2,20,200,4,20,MCQ,
FMAT190,19,Place Value,In the number 930:  which digit is in the tens place?,9,3,0,1,3,MCQ,
FMAT191,20,Place Value,What is the expanded form of 42?,40 + 2,4 + 2,20 + 4,42 + 0,40 + 2,MCQ,
FMAT192,20,Place Value,What is the expanded form of 68?,60 + 8,6 + 8,50 + 18,68 + 0,60 + 8,MCQ,
FMAT193,20,Place Value,What is the expanded form of 95?,90 + 5,9 + 5,80 + 15,95 + 0,90 + 5,MCQ,
FMAT194,20,Place Value,What is the expanded form of 137?,100 + 30 + 7,100 + 3 + 7,10 + 30 + 7,130 + 7,100 + 30 + 7,MCQ,
FMAT195,20,Place Value,What is the expanded form of 256?,200 + 50 + 6,20 + 50 + 6,200 + 5 + 6,250 + 6,200 + 50 + 6,MCQ,
FMAT196,20,Place Value,What is the expanded form of 384?,300 + 80 + 4,300 + 8 + 4,30 + 80 + 4,380 + 4,300 + 80 + 4,MCQ,
FMAT197,20,Place Value,What is the expanded form of 471?,400 + 70 + 1,400 + 7 + 1,40 + 70 + 1,470 + 1,400 + 70 + 1,MCQ,
FMAT198,20,Place Value,What is the expanded form of 508?,500 + 0 + 8,500 + 8,50 + 0 + 8,500 + 80,500 + 0 + 8,MCQ,
FMAT199,20,Place Value,What is the expanded form of 630?,600 + 30 + 0,600 + 3 + 0,60 + 30 + 0,630 + 0,600 + 30 + 0,MCQ,
FMAT200,20,Place Value,What is the expanded form of 904?,900 + 0 + 4,900 + 4,90 + 0 + 4,904 + 0,900 + 0 + 4,MCQ,
FMAT201,21,Even & Odd Numbers,24 is an even number.,TRUE,FALSE,,,TRUE,MCQ,
FMAT202,21,Even & Odd Numbers,37 is an odd number.,TRUE,FALSE,,,TRUE,MCQ,
FMAT203,21,Even & Odd Numbers,58 is an odd number.,TRUE,FALSE,,,FALSE,MCQ,
FMAT204,21,Even & Odd Numbers,91 is an even number.,TRUE,FALSE,,,FALSE,MCQ,
FMAT205,21,Even & Odd Numbers,46 is divisible by 2.,TRUE,FALSE,,,TRUE,MCQ,
FMAT206,21,Even & Odd Numbers,75 is an even number.,TRUE,FALSE,,,FALSE,MCQ,
FMAT207,21,Even & Odd Numbers,100 is an even number.,TRUE,FALSE,,,TRUE,MCQ,
FMAT208,21,Even & Odd Numbers,1 is an even number.,TRUE,FALSE,,,FALSE,MCQ,
FMAT209,21,Even & Odd Numbers,88 is an odd number.,TRUE,FALSE,,,FALSE,MCQ,
FMAT210,21,Even & Odd Numbers,63 is an odd number.,TRUE,FALSE,,,TRUE,MCQ,
FMAT211,22,Even & Odd Numbers,Which number is even?,23,45,68,91,68,MCQ,
FMAT212,22,Even & Odd Numbers,Which number is odd?,20,42,57,88,57,MCQ,
FMAT213,22,Even & Odd Numbers,Which number is even?,17,39,64,75,64,MCQ,
FMAT214,22,Even & Odd Numbers,Which number is odd?,16,28,54,81,81,MCQ,
FMAT215,22,Even & Odd Numbers,Which number is even?,31,47,90,53,90,MCQ,
FMAT216,22,Even & Odd Numbers,Which number is odd?,24,62,79,100,79,MCQ,
FMAT217,22,Even & Odd Numbers,Which number is even?,15,33,48,71,48,MCQ,
FMAT218,22,Even & Odd Numbers,Which number is odd?,44,56,89,92,89,MCQ,
FMAT219,22,Even & Odd Numbers,Which number is even?,19,27,84,65,84,MCQ,
FMAT220,22,Even & Odd Numbers,Which number is odd?,18,72,95,40,95,MCQ,
FMAT221,23,Even & Odd Numbers,Is 48 an even or odd number?,Even,Odd,,,Even,MCQ,
FMAT222,23,Even & Odd Numbers,Is 67 an even or odd number?,Even,Odd,,,Odd,MCQ,
FMAT223,23,Even & Odd Numbers,What is the next even number after 34? Answer: _____,,,,,36,FillBlank,
FMAT224,23,Even & Odd Numbers,What is the next odd number after 51? Answer: _____,,,,,53,FillBlank,
FMAT225,23,Even & Odd Numbers,What is the previous even number before 82? Answer: _____,,,,,80,FillBlank,
FMAT226,23,Even & Odd Numbers,What is the previous odd number before 39? Answer: _____,,,,,37,FillBlank,
FMAT227,23,Even & Odd Numbers,Write the smallest even number greater than 57. Answer: _____,,,,,58,FillBlank,
FMAT228,23,Even & Odd Numbers,Write the largest odd number less than 70. Answer: _____,,,,,69,FillBlank,
FMAT229,23,Even & Odd Numbers,Is 100 an even or odd number?,Even,Odd,,,Even,MCQ,
FMAT230,23,Even & Odd Numbers,Is 1 an even or odd number?,Even,Odd,,,Odd,MCQ,
FMAT231,24,Even & Odd Numbers,An even number is divisible by _____.,,,,,2,FillBlank,
FMAT232,24,Even & Odd Numbers,An odd number leaves a remainder of _____ when divided by 2.,,,,,1,FillBlank,
FMAT233,24,Even & Odd Numbers,The last digit of an even number can be 0 • 2 • 4 • 6 • _____,,,,,8,FillBlank,
FMAT234,24,Even & Odd Numbers,The last digit of an odd number can be 1 • 3 • 5 • 7 • _____,,,,,9,FillBlank,
FMAT235,24,Even & Odd Numbers,Even + Even =,Even,Odd,,,Even,MCQ,
FMAT236,24,Even & Odd Numbers,Odd + Odd =,Even,Odd,,,Even,MCQ,
FMAT237,24,Even & Odd Numbers,Even + Odd =,Even,Odd,,,Odd,MCQ,
FMAT238,24,Even & Odd Numbers,Odd + Even =,Even,Odd,,,Odd,MCQ,
FMAT239,24,Even & Odd Numbers,Even × Odd =,Even,Odd,,,Even,MCQ,
FMAT240,24,Even & Odd Numbers,Odd × Odd =,Even,Odd,,,Odd,MCQ,
FMAT241,25,Even & Odd Numbers,Which number is an even number?,41,56,73,95,56,MCQ,
FMAT242,25,Even & Odd Numbers,True or False: 27 is an odd number.,TRUE,FALSE,,,TRUE,MCQ,
FMAT243,25,Even & Odd Numbers,What is the next even number after 18? Answer: _____,,,,,20,FillBlank,
FMAT244,25,Even & Odd Numbers,Which number is an odd number?,64,82,99,46,99,MCQ,
FMAT245,25,Even & Odd Numbers,True or False: Every even number is divisible by 2.,TRUE,FALSE,,,TRUE,MCQ,
FMAT246,25,Even & Odd Numbers,What is the smallest odd number greater than 48? Answer: _____,,,,,49,FillBlank,
FMAT247,25,Even & Odd Numbers,Which pair contains two even numbers?,21 and 42,36 and 58,17 and 39,45 and 60,36 and 58,MCQ,
FMAT248,25,Even & Odd Numbers,True or False: The sum of two odd numbers is an odd number.,TRUE,FALSE,,,FALSE,MCQ,
FMAT249,25,Even & Odd Numbers,Even + Odd =,Even,Odd,,,Odd,MCQ,
FMAT250,25,Even & Odd Numbers,Which number cannot be the last digit of an even number?,0,4,7,8,7,MCQ,
FMAT251,26,Number Patterns,What number comes next? 2 4 6 8 __. Answer _____,9,10,11,12,10,MCQ,
FMAT252,26,Number Patterns,What number comes next? 5 10 15 20 __ . Answer: _____,22,24,25,30,25,MCQ,
FMAT253,26,Number Patterns,What number comes next? 1 3 5 7 __ . Answer: _____,8,9,10,11,9,MCQ,
FMAT254,26,Number Patterns,What number comes next? 10 20 30 40 __ . Answer: _____,45,50,55,60,50,MCQ,
FMAT255,26,Number Patterns,What number comes next? 100 90 80 70 __ . Answer: _____,50,60,65,75,60,MCQ,
FMAT256,26,Number Patterns,What number comes next? 3 6 9 12 __ . Answer: _____,14,15,16,18,15,MCQ,
FMAT257,26,Number Patterns,What number comes next? 50 45 40 35 __ . Answer: _____,25,28,30,32,30,MCQ,
FMAT258,26,Number Patterns,What number is missing? 4 8 __ 16 20 . Answer: _____,10,12,14,18,12,MCQ,
FMAT259,26,Number Patterns,What number is missing? 7 14 __ 28 35 . Answer: _____,18,20,21,24,21,MCQ,
FMAT260,26,Number Patterns,What number comes next? 1 2 4 8 __ . Answer: _____,10,12,14,16,16,MCQ,
FMAT261,27,Number Patterns,What number comes next? 6 8 10 12 __ Answer: _____,13,14,15,16,14,MCQ,
FMAT262,27,Number Patterns,What number comes next? 20 25 30 35 __ Answer: _____,38,39,40,45,40,MCQ,
FMAT263,27,Number Patterns,What number comes next? 4 7 10 13 __ Answer: _____,15,16,17,18,16,MCQ,
FMAT264,27,Number Patterns,What number comes next? 60 50 40 30 __ Answer: _____,15,20,25,30,20,MCQ,
FMAT265,27,Number Patterns,What number is missing? 2 4 __ 8 10 Answer: _____,5,6,7,8,6,MCQ,
FMAT266,27,Number Patterns,What number is missing? 10 20 __ 40 50 Answer: _____,25,30,35,45,30,MCQ,
FMAT267,27,Number Patterns,What number comes next? 1 4 7 10 __ Answer: _____,11,12,13,14,13,MCQ,
FMAT268,27,Number Patterns,What number comes next? 30 35 40 45 __ Answer: _____,48,49,50,55,50,MCQ,
FMAT269,27,Number Patterns,What number is missing? 9 18 __ 36 45 Answer: _____,24,26,27,30,27,MCQ,
FMAT270,27,Number Patterns,What number comes next? 8 16 24 32 __ Answer: _____,36,38,40,42,40,MCQ,
FMAT271,28,Addition,2 + 3 = _____,,,,,5,FillBlank,
FMAT272,28,Addition,1 + 4 = _____,,,,,5,FillBlank,
FMAT273,28,Addition,5 + 2 = _____,,,,,7,FillBlank,
FMAT274,28,Addition,3 + 6 = _____,,,,,9,FillBlank,
FMAT275,28,Addition,4 + 4 = _____,,,,,8,FillBlank,
FMAT276,28,Addition,2 + 2 = _____,,,,,4,FillBlank,
FMAT277,28,Addition,3 + 3 = _____,,,,,6,FillBlank,
FMAT278,28,Addition,4 + 4 = _____,,,,,8,FillBlank,
FMAT279,28,Addition,5 + 5 = _____,,,,,10,FillBlank,
FMAT280,28,Addition,6 + 6 = _____,,,,,12,FillBlank,
FMAT281,29,Addition,7 + 7 = _____,,,,,14,FillBlank,
FMAT282,29,Addition,8 + 8 = _____,,,,,16,FillBlank,
FMAT283,29,Addition,9 + 9 = _____,,,,,18,FillBlank,
FMAT284,29,Addition,2 + 3 = _____,,,,,5,FillBlank,
FMAT285,29,Addition,3 + 4 = _____,,,,,7,FillBlank,
FMAT286,29,Addition,4 + 5 = _____,,,,,9,FillBlank,
FMAT287,29,Addition,5 + 6 = _____,,,,,11,FillBlank,
FMAT288,29,Addition,6 + 7 = _____,,,,,13,FillBlank,
FMAT289,29,Addition,7 + 8 = _____,,,,,15,FillBlank,
FMAT290,29,Addition,8 + 9 = _____,,,,,17,FillBlank,
FMAT291,30,Addition,2 + 4 = _____,,,,,6,FillBlank,
FMAT292,30,Addition,3 + 5 = _____,,,,,8,FillBlank,
FMAT293,30,Addition,4 + 6 = _____,,,,,10,FillBlank,
FMAT294,30,Addition,8 + 4 = _____,,,,,12,FillBlank,
FMAT295,30,Addition,2 + 7 = _____,,,,,9,FillBlank,
FMAT296,30,Addition,9 + 5 = _____,,,,,14,FillBlank,
FMAT297,30,Addition,6 + 3 = _____,,,,,9,FillBlank,
FMAT298,30,Addition,7 + 9 = _____,,,,,16,FillBlank,
FMAT299,30,Addition,5 + 8 = _____,,,,,13,FillBlank,
FMAT300,30,Addition,4 + 7 = _____,,,,,11,FillBlank,
FMAT301,31,Addition,2 + 8 = _____,,,,,10,FillBlank,
FMAT302,31,Addition,6 + 9 = _____,,,,,15,FillBlank,
FMAT303,31,Addition,3 + 8 = _____,,,,,11,FillBlank,
FMAT304,31,Addition,5 + 7 = _____,,,,,12,FillBlank,
FMAT305,31,Addition,4 + 9 = _____,,,,,13,FillBlank,
FMAT306,31,Addition,2 + 6 = _____,,,,,8,FillBlank,
FMAT307,31,Addition,8 + 8 = _____,,,,,16,FillBlank,
FMAT308,31,Addition,3 + 9 = _____,,,,,12,FillBlank,
FMAT309,31,Addition,7 + 7 = _____,,,,,14,FillBlank,
FMAT310,31,Addition,8 + 8 = _____,,,,,16,FillBlank,
FMAT311,32,Addition,Rina has 2 apples. Her mother gives her 3 more. How many apples does she have? She have _____ apples,4,5,6,7,5,MCQ,
FMAT312,32,Addition,A boy has 4 balloons. He gets 5 more balloons. How many balloons does he have?,8,9,10,11,9,MCQ,
FMAT313,32,Addition,There are 6 birds on a tree. 2 more birds come. How many birds are there now?,7,8,9,10,8,MCQ,
FMAT314,32,Addition,A basket has 7 oranges. 3 more oranges are added. How many oranges are there?,9,10,11,12,10,MCQ,
FMAT315,32,Addition,A classroom has 5 girls and 6 boys. How many students are there?,10,11,12,13,11,MCQ,
FMAT316,32,Addition,Ali has 8 marbles. His friend gives him 4 more. How many marbles does Ali have?,11,12,13,14,12,MCQ,
FMAT317,32,Addition,A farmer has 9 cows and buys 5 more cows. How many cows does he have?,13,14,15,16,14,MCQ,
FMAT318,32,Addition,A shelf has 3 books. You put 8 more books on it. How many books are on the shelf now?,10,11,12,13,11,MCQ,
FMAT319,32,Addition,A box contains 2 toys. Another box contains 9 toys. How many toys are there altogether?,10,11,12,13,11,MCQ,
FMAT320,32,Addition,There are 7 flowers in one vase and 8 flowers in another vase. How many flowers are there in total?,14,15,16,17,15,MCQ,
FMAT321,33,Addition,_____ + 2 = 5,,,,,3,FillBlank,
FMAT322,33,Addition,_____ + 3 = 7,,,,,4,FillBlank,
FMAT323,33,Addition,_____ + 4 = 9,,,,,5,FillBlank,
FMAT324,33,Addition,_____ + 5 = 11,,,,,6,FillBlank,
FMAT325,33,Addition,_____ + 6 = 13,,,,,7,FillBlank,
FMAT326,33,Addition,_____ + 7 = 15,,,,,8,FillBlank,
FMAT327,33,Addition,_____ + 8 = 17,,,,,9,FillBlank,
FMAT328,33,Addition,_____ + 9 = 18,,,,,9,FillBlank,
FMAT329,33,Addition,2 + _____ = 8,,,,,6,FillBlank,
FMAT330,33,Addition,3 + _____ = 10,,,,,7,FillBlank,
FMAT331,34,Addition,4 + _____ = 12,,,,,8,FillBlank,
FMAT332,34,Addition,5 + _____ = 14,,,,,9,FillBlank,
FMAT333,34,Addition,6 + _____ = 15,,,,,9,FillBlank,
FMAT334,34,Addition,7 + _____ = 16,,,,,9,FillBlank,
FMAT335,34,Addition,8 + _____ = 18,,,,,10,FillBlank,
FMAT336,34,Addition,6 + 3 = _____,,,,,9,FillBlank,
FMAT337,34,Addition,7 + 9 = _____,,,,,16,FillBlank,
FMAT338,34,Addition,9 + 9 = _____,,,,,18,FillBlank,
FMAT339,34,Addition,2 + 3 = _____,,,,,5,FillBlank,
FMAT340,34,Addition,_____ + 6 = 13,,,,,7,FillBlank,
FMAT341,35,Subtraction,8 - 3 = _____,,,,,5,FillBlank,
FMAT342,35,Subtraction,10 - 4 = _____,,,,,6,FillBlank,
FMAT343,35,Subtraction,9 - 2 = _____,,,,,7,FillBlank,
FMAT344,35,Subtraction,7 - 5 = _____,,,,,2,FillBlank,
FMAT345,35,Subtraction,10 - 3 = _____,,,,,7,FillBlank,
FMAT346,35,Subtraction,9 - 4 = _____,,,,,5,FillBlank,
FMAT347,35,Subtraction,8 - 2 = _____,,,,,6,FillBlank,
FMAT348,35,Subtraction,10 - 5 = _____,,,,,5,FillBlank,
FMAT349,35,Subtraction,9 - 7 = _____,,,,,2,FillBlank,
FMAT350,35,Subtraction,8 - 6 = _____,,,,,2,FillBlank,
FMAT351,36,Subtraction,10 - 8 = _____,,,,,2,FillBlank,
FMAT352,36,Subtraction,7 - 3 = _____,,,,,4,FillBlank,
FMAT353,36,Subtraction,6 - 5 = _____,,,,,1,FillBlank,
FMAT354,36,Subtraction,10 - 9 = _____,,,,,1,FillBlank,
FMAT355,36,Subtraction,9 - 1 = _____,,,,,8,FillBlank,
FMAT356,36,Subtraction,8 - 5 = _____,,,,,3,FillBlank,
FMAT357,36,Subtraction,7 - 4 = _____,,,,,3,FillBlank,
FMAT358,36,Subtraction,6 - 2 = _____,,,,,4,FillBlank,
FMAT359,36,Subtraction,5 - 3 = _____,,,,,2,FillBlank,
FMAT360,36,Subtraction,10 - 2 = _____,,,,,8,FillBlank,
FMAT361,37,Subtraction,_____ - 2 = 5,,,,,7,FillBlank,
FMAT362,37,Subtraction,_____ - 3 = 7,,,,,10,FillBlank,
FMAT363,37,Subtraction,_____ - 4 = 9,,,,,13,FillBlank,
FMAT364,37,Subtraction,_____ - 5 = 11,,,,,16,FillBlank,
FMAT365,37,Subtraction,_____ - 6 = 13,,,,,19,FillBlank,
FMAT366,37,Subtraction,_____ - 7 = 8,,,,,15,FillBlank,
FMAT367,37,Subtraction,_____ - 8 = 10,,,,,18,FillBlank,
FMAT368,37,Subtraction,_____ - 9 = 6,,,,,15,FillBlank,
FMAT369,37,Subtraction,_____ - 10 = 9,,,,,19,FillBlank,
FMAT370,37,Subtraction,_____ - 5 = 14,,,,,19,FillBlank,
FMAT371,38,Subtraction,8 - _____ = 2,,,,,6,FillBlank,
FMAT372,38,Subtraction,10 - _____ = 3,,,,,7,FillBlank,
FMAT373,38,Subtraction,12 - _____ = 4,,,,,8,FillBlank,
FMAT374,38,Subtraction,14 - _____ = 5,,,,,9,FillBlank,
FMAT375,38,Subtraction,15 - _____ = 6,,,,,9,FillBlank,
FMAT376,38,Subtraction,16 - _____ = 7,,,,,9,FillBlank,
FMAT377,38,Subtraction,17 - _____ = 8,,,,,9,FillBlank,
FMAT378,38,Subtraction,18 - _____ = 9,,,,,9,FillBlank,
FMAT379,38,Subtraction,19 - _____ = 10,,,,,9,FillBlank,
FMAT380,38,Subtraction,20 - _____ = 11,,,,,9,FillBlank,
FMAT381,39,Subtraction,17 - 8 = _____,,,,,9,FillBlank,
FMAT382,39,Subtraction,_____ - 4 = 9,,,,,13,FillBlank,
FMAT383,39,Subtraction,15 - _____ = 8,,,,,7,FillBlank,
FMAT384,39,Subtraction,19 - 7 = _____,,,,,12,FillBlank,
FMAT385,39,Subtraction,_____ - 6 = 10,,,,,16,FillBlank,
FMAT386,39,Subtraction,18 - _____ = 9,,,,,9,FillBlank,
FMAT387,39,Subtraction,14 - 5 = _____,,,,,9,FillBlank,
FMAT388,39,Subtraction,_____ - 3 = 11,,,,,14,FillBlank,
FMAT389,39,Subtraction,20 - _____ = 12,,,,,8,FillBlank,
FMAT390,39,Subtraction,16 - 9 = _____,,,,,7,FillBlank,
FMAT391,40,Subtraction,_____ - 8 = 7,,,,,15,FillBlank,
FMAT392,40,Subtraction,13 - _____ = 4,,,,,9,FillBlank,
FMAT393,40,Subtraction,12 - 5 = _____,,,,,7,FillBlank,
FMAT394,40,Subtraction,_____ - 9 = 8,,,,,17,FillBlank,
FMAT395,40,Subtraction,18 - _____ = 10,,,,,8,FillBlank,
FMAT396,40,Subtraction,11 - 3 = _____,,,,,8,FillBlank,
FMAT397,40,Subtraction,_____ - 7 = 9,,,,,16,FillBlank,
FMAT398,40,Subtraction,15 - _____ = 6,,,,,9,FillBlank,
FMAT399,40,Subtraction,19 - 10 = _____,,,,,9,FillBlank,
FMAT400,40,Subtraction,_____ - 5 = 13,,,,,18,FillBlank,
FMAT401,41,Subtraction Word Problems,Riya has 12 apples. She gives 5 apples to her friend. How many apples does she have left?,,,,,7,FillBlank,
FMAT402,41,Subtraction Word Problems,Tom has 15 balloons. 6 balloons burst. How many balloons are left?,,,,,9,FillBlank,
FMAT403,41,Subtraction Word Problems,A basket has 18 oranges. 7 oranges are taken out. How many oranges remain?,,,,,11,FillBlank,
FMAT404,41,Subtraction Word Problems,Sara has 14 pencils. She gives 8 pencils to her classmates. How many pencils does she have now?,,,,,6,FillBlank,
FMAT405,41,Subtraction Word Problems,There are 20 birds on a tree. 9 birds fly away. How many birds are still on the tree?,,,,,11,FillBlank,
FMAT406,41,Subtraction Word Problems,A toy box has 16 toys. 4 toys are taken out to play. How many toys are left in the box?,,,,,12,FillBlank,
FMAT407,41,Subtraction Word Problems,Ali has 19 candies. He eats 10 candies. How many candies does he have left?,,,,,9,FillBlank,
FMAT408,41,Subtraction Word Problems,A library has 17 storybooks on a shelf. 5 books are borrowed. How many books are left?,,,,,12,FillBlank,
FMAT409,41,Subtraction Word Problems,Emma picked 13 flowers. She gave 6 flowers to her mother. How many flowers does she have now?,,,,,7,FillBlank,
FMAT410,41,Subtraction Word Problems,A farmer has 18 chickens. He sells 8 chickens. How many chickens does he have left?,,,,,10,FillBlank,
FMAT411,42,Challenge 1: Word Problems,Sam has 7 marbles. He gets 5 more marbles from his friend. How many marbles does he have now?,,,,,12,FillBlank,
FMAT412,42,Challenge 1: Word Problems,Lily has 14 cookies. She gives 6 cookies to her brother. How many cookies are left?,,,,,8,FillBlank,
FMAT413,42,Challenge 1: Word Problems,There are 9 birds on a tree. 8 more birds join them. How many birds are on the tree now?,,,,,17,FillBlank,
FMAT414,42,Challenge 1: Word Problems,A box has 18 crayons. 7 crayons are lost. How many crayons are left?,,,,,11,FillBlank,
FMAT415,42,Challenge 1: Word Problems,Emma has 6 stickers. She buys 9 more stickers. How many stickers does she have altogether?,,,,,15,FillBlank,
FMAT416,42,Challenge 1: Word Problems,A bus has 16 passengers. 5 passengers get off the bus. How many passengers remain?,,,,,11,FillBlank,
FMAT417,42,Challenge 1: Word Problems,Noah collects 11 shells at the beach. Later, he finds 7 more shells. How many shells does he have in total?,,,,,18,
FMAT418,42,Challenge 1: Word Problems,A jar contains 20 candies. Mia eats 8 candies. How many candies are left in the jar?,,,,,12,FillBlank,
FMAT419,42,Challenge 1: Word Problems,There are 10 fish in a pond. 6 more fish are added. How many fish are in the pond now?,,,,,16,FillBlank,
FMAT420,42,Challenge 1: Word Problems,Sophia has 15 balloons. She gives 9 balloons to her friends. How many balloons does she have left?,,,,,6,FillBlank,
FMAT421,43,Challenge 2: Addition & Subtraction,8 + 9 = _____,,,,,17,FillBlank,
FMAT422,43,Challenge 2: Addition & Subtraction,17 - 8 = _____,,,,,9,FillBlank,
FMAT423,43,Challenge 2: Addition & Subtraction,_____ + 5 = 14,,,,,9,FillBlank,
FMAT424,43,Challenge 2: Addition & Subtraction,18 - _____ = 10,,,,,8,FillBlank,
FMAT425,43,Challenge 2: Addition & Subtraction,Liam has 7 toy cars. He gets 8 more toy cars for his birthday. How many toy cars does he have now?,,,,,15,FillBlank,
FMAT426,43,Challenge 2: Addition & Subtraction,_____ - 6 = 11,,,,,17,FillBlank,
FMAT427,43,Challenge 2: Addition & Subtraction,9 + _____ = 17,,,,,8,FillBlank,
FMAT428,43,Challenge 2: Addition & Subtraction,A basket has 16 oranges. 7 oranges are eaten. How many oranges are left?,,,,,9,FillBlank,
FMAT429,43,Challenge 2: Addition & Subtraction,13 + 6 = _____,,,,,19,FillBlank,
FMAT430,43,Challenge 2: Addition & Subtraction,19 - 5 = _____,,,,,14,FillBlank,
FMAT431,44,Challenge 3: Addition & Subtraction,9 + 8 = _____,,,,,17,FillBlank,
FMAT432,44,Challenge 3: Addition & Subtraction,18 - 7 = _____,,,,,11,FillBlank,
FMAT433,44,Challenge 3: Addition & Subtraction,_____ + 6 = 15,,,,,9,FillBlank,
FMAT434,44,Challenge 3: Addition & Subtraction,16 - _____ = 9,,,,,7,FillBlank,
FMAT435,44,Challenge 3: Addition & Subtraction,A basket has 12 apples. 5 more apples are added. How many apples are there now?,,,,,17,FillBlank,
FMAT436,44,Challenge 3: Addition & Subtraction,_____ - 4 = 10,,,,,14,FillBlank,
FMAT437,44,Challenge 3: Addition & Subtraction,7 + _____ = 18,,,,,11,FillBlank,
FMAT438,44,Challenge 3: Addition & Subtraction,A box has 19 crayons. 8 crayons are taken out. How many crayons are left?,,,,,11,FillBlank,
FMAT439,44,Challenge 3: Addition & Subtraction,14 + 5 = _____,,,,,19,FillBlank,
FMAT440,44,Challenge 3: Addition & Subtraction,20 - 9 = _____,,,,,11,FillBlank,
FMAT441,45,Multiplication (2x),2 × 1 = _____,,,,,2,FillBlank,
FMAT442,45,Multiplication (2x),2 × 2 = _____,,,,,4,FillBlank,
FMAT443,45,Multiplication (2x),2 × 3 = _____,,,,,6,FillBlank,
FMAT444,45,Multiplication (2x),2 × 4 = _____,,,,,8,FillBlank,
FMAT445,45,Multiplication (2x),2 × 5 = _____,,,,,10,FillBlank,
FMAT446,45,Multiplication (2x),2 × 6 = _____,,,,,12,FillBlank,
FMAT447,45,Multiplication (2x),2 × 7 = _____,,,,,14,FillBlank,
FMAT448,45,Multiplication (2x),2 × 8 = _____,,,,,16,FillBlank,
FMAT449,45,Multiplication (2x),2 × 9 = _____,,,,,18,FillBlank,
FMAT450,45,Multiplication (2x),2 × 10 = _____,,,,,20,FillBlank,
FMAT451,46,Multiplication (2x),8 × 2 = _____,,,,,16,FillBlank,
FMAT452,46,Multiplication (2x),1 × 2 = _____,,,,,2,FillBlank,
FMAT453,46,Multiplication (2x),2 × 2 = _____,,,,,4,FillBlank,
FMAT454,46,Multiplication (2x),5 × 2 = _____,,,,,10,FillBlank,
FMAT455,46,Multiplication (2x),3 × 2 = _____,,,,,6,FillBlank,
FMAT456,46,Multiplication (2x),4 × 2 = _____,,,,,8,FillBlank,
FMAT457,46,Multiplication (2x),7 × 2 = _____,,,,,14,FillBlank,
FMAT458,46,Multiplication (2x),9 × 2 = _____,,,,,18,FillBlank,
FMAT459,46,Multiplication (2x),6 × 2 = _____,,,,,12,FillBlank,
FMAT460,46,Multiplication (2x),10 × 2 = _____,,,,,20,FillBlank,
FMAT461,47,Multiplication (2x),There are 2 flowers in each vase. How many flowers are in 7 vases?,12,13,14,15,14,MCQ,
FMAT462,47,Multiplication (2x),There are 2 apples in each basket. How many apples are in 3 baskets?,4,5,6,7,6,MCQ,
FMAT463,47,Multiplication (2x),Each shelf holds 2 books. How many books are on 9 shelves?,16,17,18,19,18,MCQ,
FMAT464,47,Multiplication (2x),Each box has 2 chocolates. How many chocolates are in 5 boxes?,8,9,10,11,10,MCQ,
FMAT465,47,Multiplication (2x),A teacher gives 2 pencils to each of 4 students. How many pencils are given?,6,7,8,9,8,MCQ,
FMAT466,47,Multiplication (2x),A pair has 2 socks. How many socks are in 8 pairs?,14,15,16,17,16,MCQ,
FMAT467,47,Multiplication (2x),A bicycle has 2 wheels. How many wheels do 6 bicycles have?,10,11,12,13,12,MCQ,
FMAT468,47,Multiplication (2x),A shop sells 2 balloons every hour. How many balloons are sold in 10 hours?,18,19,20,21,20,MCQ,
FMAT469,47,Multiplication (2x),Each bag has 2 oranges. How many oranges are in 2 bags?,2,3,4,5,4,MCQ,
FMAT470,47,Multiplication (2x),There are 2 stars on each card. How many stars are on 1 card?,1,2,3,4,2,MCQ,
FMAT471,48,Multiplication (3x),3 × 1 = _____,,,,,3,FillBlank,
FMAT472,48,Multiplication (3x),3 × 2 = _____,,,,,6,FillBlank,
FMAT473,48,Multiplication (3x),3 × 3 = _____,,,,,9,FillBlank,
FMAT474,48,Multiplication (3x),3 × 4 = _____,,,,,12,FillBlank,
FMAT475,48,Multiplication (3x),3 × 5 = _____,,,,,15,FillBlank,
FMAT476,48,Multiplication (3x),3 × 6 = _____,,,,,18,FillBlank,
FMAT477,48,Multiplication (3x),3 × 7 = _____,,,,,21,FillBlank,
FMAT478,48,Multiplication (3x),3 × 8 = _____,,,,,24,FillBlank,
FMAT479,48,Multiplication (3x),3 × 9 = _____,,,,,27,FillBlank,
FMAT480,48,Multiplication (3x),3 × 10 = _____,,,,,30,FillBlank,
FMAT481,49,Multiplication (3x),5 × 3 = _____,,,,,15,FillBlank,
FMAT482,49,Multiplication (3x),1 × 3 = _____,,,,,3,FillBlank,
FMAT483,49,Multiplication (3x),2 × 3 = _____,,,,,6,FillBlank,
FMAT484,49,Multiplication (3x),4 × 3 = _____,,,,,12,FillBlank,
FMAT485,49,Multiplication (3x),6 × 3 = _____,,,,,18,FillBlank,
FMAT486,49,Multiplication (3x),9 × 3 = _____,,,,,27,FillBlank,
FMAT487,49,Multiplication (3x),7 × 3 = _____,,,,,21,FillBlank,
FMAT488,49,Multiplication (3x),3 × 3 = _____,,,,,9,FillBlank,
FMAT489,49,Multiplication (3x),8 × 3 = _____,,,,,24,FillBlank,
FMAT490,49,Multiplication (3x),10 × 3 = _____,,,,,30,FillBlank,
FMAT491,50,Multiplication (3x),There are 3 apples in each basket. How many apples are in 2 baskets?,5,6,7,8,6,MCQ,
FMAT492,50,Multiplication (3x),A tricycle has 3 wheels. How many wheels do 5 tricycles have?,14,15,16,17,15,MCQ,
FMAT493,50,Multiplication (3x),A teacher gives 3 pencils to each of 3 students. How many pencils are given?,8,9,10,11,9,MCQ,
FMAT494,50,Multiplication (3x),Each box has 3 chocolates. How many chocolates are in 4 boxes?,11,12,13,14,12,MCQ,
FMAT495,50,Multiplication (3x),There are 3 flowers in each vase. How many flowers are in 6 vases?,17,18,19,20,18,MCQ,
FMAT496,50,Multiplication (3x),A child gets 3 stickers. How many stickers does 1 child get?,2,3,4,5,3,MCQ,
FMAT497,50,Multiplication (3x),Each packet has 3 biscuits. How many biscuits are in 7 packets?,20,21,22,23,21,MCQ,
FMAT498,50,Multiplication (3x),There are 3 birds on each tree. How many birds are on 9 trees?,26,27,28,29,27,MCQ,
FMAT499,50,Multiplication (3x),Each bag has 3 oranges. How many oranges are in 10 bags?,29,30,31,32,30,MCQ,
FMAT500,50,Multiplication (3x),Each shelf holds 3 books. How many books are on 8 shelves?,23,24,25,26,24,MCQ,
FMAT501,51,Challenge 4: Multiplication,3 × 4 = _____,,,,,12,FillBlank,
FMAT502,51,Challenge 4: Multiplication,9 × 2 = _____,,,,,18,FillBlank,
FMAT503,51,Challenge 4: Multiplication,_____ × 3 = 21,,,,,7,FillBlank,
FMAT504,51,Challenge 4: Multiplication,8 × _____ = 16,,,,,2,FillBlank,
FMAT505,51,Challenge 4: Multiplication,A farmer has 3 baskets. Each basket has 6 apples. How many apples are there altogether?,,,,,18,FillBlank,
FMAT506,51,Challenge 4: Multiplication,2 × 10 = _____,,,,,20,FillBlank,
FMAT507,51,Challenge 4: Multiplication,_____ × 2 = 14,,,,,7,FillBlank,
FMAT508,51,Challenge 4: Multiplication,5 × _____ = 15,,,,,3,FillBlank,
FMAT509,51,Challenge 4: Multiplication,There are 4 tables. Each table has 2 chairs. How many chairs are there in total?,,,,,8,FillBlank,
FMAT510,51,Challenge 4: Multiplication,A box contains 3 rows of 9 crayons. How many crayons are in the box?,,,,,27,FillBlank,
FMAT511,52,Two-Digit Addition,23|14|+,,,,,37,ColumnMath,
FMAT512,52,Two-Digit Addition,45|12|+,,,,,57,ColumnMath,
FMAT513,52,Two-Digit Addition,36|22|+,,,,,58,ColumnMath,
FMAT514,52,Two-Digit Addition,51|18|+,,,,,69,ColumnMath,
FMAT515,52,Two-Digit Addition,42|17|+,,,,,59,ColumnMath,
FMAT516,52,Two-Digit Addition,64|15|+,,,,,79,ColumnMath,
FMAT517,52,Two-Digit Addition,33|46|+,,,,,79,ColumnMath,
FMAT518,52,Two-Digit Addition,72|16|+,,,,,88,ColumnMath,
FMAT519,52,Two-Digit Addition,25|34|+,,,,,59,ColumnMath,
FMAT520,52,Two-Digit Addition,41|27|+,,,,,68,ColumnMath,
FMAT521,53,Two-Digit Addition,34|25|+,,,,,59,ColumnMath,
FMAT522,53,Two-Digit Addition,62|17|+,,,,,79,ColumnMath,
FMAT523,53,Two-Digit Addition,43|16|+,,,,,59,ColumnMath,
FMAT524,53,Two-Digit Addition,71|28|+,,,,,99,ColumnMath,
FMAT525,53,Two-Digit Addition,52|37|+,,,,,89,ColumnMath,
FMAT526,53,Two-Digit Addition,24|35|+,,,,,59,ColumnMath,
FMAT527,53,Two-Digit Addition,61|18|+,,,,,79,ColumnMath,
FMAT528,53,Two-Digit Addition,53|26|+,,,,,79,ColumnMath,
FMAT529,53,Two-Digit Addition,44|15|+,,,,,59,ColumnMath,
FMAT530,53,Two-Digit Addition,32|47|+,,,,,79,ColumnMath,
FMAT531,54,Two-Digit Addition,21|38|+,,,,,59,ColumnMath,
FMAT532,54,Two-Digit Addition,63|24|+,,,,,87,ColumnMath,
FMAT533,54,Two-Digit Addition,42|35|+,,,,,77,ColumnMath,
FMAT534,54,Two-Digit Addition,54|13|+,,,,,67,ColumnMath,
FMAT535,54,Two-Digit Addition,70|19|+,,,,,89,ColumnMath,
FMAT536,54,Two-Digit Addition,31|48|+,,,,,79,ColumnMath,
FMAT537,54,Two-Digit Addition,65|22|+,,,,,87,ColumnMath,
FMAT538,54,Two-Digit Addition,46|33|+,,,,,79,ColumnMath,
FMAT539,54,Two-Digit Addition,82|17|+,,,,,99,ColumnMath,
FMAT540,54,Two-Digit Addition,50|29|+,,,,,79,ColumnMath,
FMAT541,55,Two-Digit Subtraction,68|31|-,,,,,37,ColumnMath,
FMAT542,55,Two-Digit Subtraction,95|42|-,,,,,53,ColumnMath,
FMAT543,55,Two-Digit Subtraction,87|25|-,,,,,62,ColumnMath,
FMAT544,55,Two-Digit Subtraction,76|14|-,,,,,62,ColumnMath,
FMAT545,55,Two-Digit Subtraction,59|27|-,,,,,32,ColumnMath,
FMAT546,55,Two-Digit Subtraction,84|43|-,,,,,41,ColumnMath,
FMAT547,55,Two-Digit Subtraction,73|22|-,,,,,51,ColumnMath,
FMAT548,55,Two-Digit Subtraction,96|35|-,,,,,61,ColumnMath,
FMAT549,55,Two-Digit Subtraction,65|24|-,,,,,41,ColumnMath,
FMAT550,55,Two-Digit Subtraction,78|16|-,,,,,62,ColumnMath,
FMAT551,56,Two-Digit Subtraction,74|32|-,,,,,42,ColumnMath,
FMAT552,56,Two-Digit Subtraction,88|46|-,,,,,42,ColumnMath,
FMAT553,56,Two-Digit Subtraction,97|54|-,,,,,43,ColumnMath,
FMAT554,56,Two-Digit Subtraction,65|13|-,,,,,52,ColumnMath,
FMAT555,56,Two-Digit Subtraction,86|44|-,,,,,42,ColumnMath,
FMAT556,56,Two-Digit Subtraction,79|27|-,,,,,52,ColumnMath,
FMAT557,56,Two-Digit Subtraction,93|41|-,,,,,52,ColumnMath,
FMAT558,56,Two-Digit Subtraction,57|25|-,,,,,32,ColumnMath,
FMAT559,56,Two-Digit Subtraction,98|36|-,,,,,62,ColumnMath,
FMAT560,56,Two-Digit Subtraction,67|15|-,,,,,52,ColumnMath,
FMAT561,57,Two-Digit Subtraction,85|42|-,,,,,43,ColumnMath,
FMAT562,57,Two-Digit Subtraction,94|53|-,,,,,41,ColumnMath,
FMAT563,57,Two-Digit Subtraction,76|34|-,,,,,42,ColumnMath,
FMAT564,57,Two-Digit Subtraction,69|17|-,,,,,52,ColumnMath,
FMAT565,57,Two-Digit Subtraction,87|45|-,,,,,42,ColumnMath,
FMAT566,57,Two-Digit Subtraction,98|57|-,,,,,41,ColumnMath,
FMAT567,57,Two-Digit Subtraction,64|22|-,,,,,42,ColumnMath,
FMAT568,57,Two-Digit Subtraction,75|33|-,,,,,42,ColumnMath,
FMAT569,57,Two-Digit Subtraction,96|54|-,,,,,42,ColumnMath,
FMAT570,57,Two-Digit Subtraction,58|16|-,,,,,42,ColumnMath,
FMAT571,58,Challenge 5,34|25|+,,,,,59,ColumnMath,
FMAT572,58,Challenge 5,86|44|-,,,,,42,ColumnMath,
FMAT573,58,Challenge 5,52|17|+,,,,,69,ColumnMath,
FMAT574,58,Challenge 5,95|53|-,,,,,42,ColumnMath,
FMAT575,58,Challenge 5,43|36|+,,,,,79,ColumnMath,
FMAT576,58,Challenge 5,74|32|-,,,,,42,ColumnMath,
FMAT577,58,Challenge 5,61|28|+,,,,,89,ColumnMath,
FMAT578,58,Challenge 5,88|46|-,,,,,42,ColumnMath,
FMAT579,58,Challenge 5,45|24|+,,,,,69,ColumnMath,
FMAT580,58,Challenge 5,97|54|-,,,,,43,ColumnMath,
FMAT581,59,Division by 2 and 3,21 ÷ 3 = _____,,,,,7,FillBlank,
FMAT582,59,Division by 2 and 3,10 ÷ 2 = _____,,,,,5,FillBlank,
FMAT583,59,Division by 2 and 3,36 ÷ 3 = _____,,,,,12,FillBlank,
FMAT584,59,Division by 2 and 3,8 ÷ 2 = _____,,,,,4,FillBlank,
FMAT585,59,Division by 2 and 3,30 ÷ 3 = _____,,,,,10,FillBlank,
FMAT586,59,Division by 2 and 3,14 ÷ 2 = _____,,,,,7,FillBlank,
FMAT587,59,Division by 2 and 3,48 ÷ 3 = _____,,,,,16,FillBlank,
FMAT588,59,Division by 2 and 3,6 ÷ 2 = _____,,,,,3,FillBlank,
FMAT589,59,Division by 2 and 3,24 ÷ 2 = _____,,,,,12,FillBlank,
FMAT590,59,Division by 2 and 3,15 ÷ 3 = _____,,,,,5,FillBlank,
FMAT591,60,Division by 2 and 3,22 ÷ 2 = _____,,,,,11,FillBlank,
FMAT592,60,Division by 2 and 3,12 ÷ 3 = _____,,,,,4,FillBlank,
FMAT593,60,Division by 2 and 3,42 ÷ 3 = _____,,,,,14,FillBlank,
FMAT594,60,Division by 2 and 3,20 ÷ 2 = _____,,,,,10,FillBlank,
FMAT595,60,Division by 2 and 3,18 ÷ 3 = _____,,,,,6,FillBlank,
FMAT596,60,Division by 2 and 3,33 ÷ 3 = _____,,,,,11,FillBlank,
FMAT597,60,Division by 2 and 3,16 ÷ 2 = _____,,,,,8,FillBlank,
FMAT598,60,Division by 2 and 3,27 ÷ 3 = _____,,,,,9,FillBlank,
FMAT599,60,Division by 2 and 3,24 ÷ 3 = _____,,,,,8,FillBlank,
FMAT600,60,Division by 2 and 3,9 ÷ 3 = _____,,,,,3,FillBlank,
FMAT601,61,Division Word Problems by 2 and 3,A farmer picked 12 apples and put them equally into 3 baskets. How many apples are in each basket?,,,,,4,FillBlank,
FMAT602,61,Division Word Problems by 2 and 3,10 balloons are divided equally between 2 friends. How many balloons does each friend get?,,,,,5,FillBlank,
FMAT603,61,Division Word Problems by 2 and 3,A shopkeeper packs 18 candies into 3 bags equally. How many candies are in each bag?,,,,,6,FillBlank,
FMAT604,61,Division Word Problems by 2 and 3,Mother puts 8 cookies equally onto 2 plates. How many cookies are on each plate?,,,,,4,FillBlank,
FMAT605,61,Division Word Problems by 2 and 3,A teacher gives 30 pencils equally to 3 groups. How many pencils does each group get?,,,,,10,FillBlank,
FMAT606,61,Division Word Problems by 2 and 3,14 oranges are placed equally into 2 baskets. How many oranges are in each basket?,,,,,7,FillBlank,
FMAT607,61,Division Word Problems by 2 and 3,A gardener arranges 24 flowers equally in 3 vases. How many flowers are in each vase?,,,,,8,FillBlank,
FMAT608,61,Division Word Problems by 2 and 3,There are 6 cupcakes for 2 children. If they each get the same number, how many cupcakes does each child get?,,,,,3,
FMAT609,61,Division Word Problems by 2 and 3,27 marbles are put equally into 3 jars. How many marbles are in each jar?,,,,,9,FillBlank,
FMAT610,61,Division Word Problems by 2 and 3,Two sisters share 16 stickers equally. How many stickers does each sister get?,,,,,8,FillBlank,
FMAT611,62,Division Word Problems by 2 and 3,A librarian places 21 books equally on 3 shelves. How many books are on each shelf?,,,,,7,FillBlank,
FMAT612,62,Division Word Problems by 2 and 3,20 chocolates are packed equally into 2 boxes. How many chocolates are in each box?,,,,,10,FillBlank,
FMAT613,62,Division Word Problems by 2 and 3,15 toy cars are divided equally among 3 children. How many toy cars does each child get?,,,,,5,FillBlank,
FMAT614,62,Division Word Problems by 2 and 3,A farmer packs 36 eggs equally into 3 boxes. How many eggs are in each box?,,,,,12,FillBlank,
FMAT615,62,Division Word Problems by 2 and 3,A box has 22 crayons. They are shared equally between 2 children. How many crayons does each child get?,,,,,11,FillBlank,
FMAT616,62,Division Word Problems by 2 and 3,9 bananas are divided equally among 3 monkeys. How many bananas does each monkey get?,,,,,3,FillBlank,
FMAT617,62,Division Word Problems by 2 and 3,A craft teacher gives 42 beads equally to 3 girls. How many beads does each girl get?,,,,,14,FillBlank,
FMAT618,62,Division Word Problems by 2 and 3,48 biscuits are packed equally into 3 tins. How many biscuits are in each tin?,,,,,16,FillBlank,
FMAT619,62,Division Word Problems by 2 and 3,24 toy blocks are arranged equally into 2 boxes. How many blocks are in each box?,,,,,12,FillBlank,
FMAT620,62,Division Word Problems by 2 and 3,33 stars are divided equally into 3 groups. How many stars are in each group?,,,,,11,FillBlank,
FMAT621,63,Multiplication (4x),What is 4 × 1 ?,3,4,5,6,4,MCQ,
FMAT622,63,Multiplication (4x),What is 4 × 2 ?,6,7,8,9,8,MCQ,
FMAT623,63,Multiplication (4x),What is 4 × 3 ?,10,11,12,13,12,MCQ,
FMAT624,63,Multiplication (4x),What is 4 × 4 ?,14,15,16,17,16,MCQ,
FMAT625,63,Multiplication (4x),What is 4 × 5 ?,18,19,20,21,20,MCQ,
FMAT626,63,Multiplication (4x),What is 4 × 6 ?,22,23,24,25,24,MCQ,
FMAT627,63,Multiplication (4x),What is 4 × 7 ?,26,27,28,29,28,MCQ,
FMAT628,63,Multiplication (4x),What is 4 × 8 ?,30,31,32,33,32,MCQ,
FMAT629,63,Multiplication (4x),What is 4 × 9 ?,34,35,36,37,36,MCQ,
FMAT630,63,Multiplication (4x),What is 4 × 10 ?,38,39,40,41,40,MCQ,
FMAT631,64,Multiplication (4x),What is 5 × 4 ?,18,19,20,21,20,MCQ,
FMAT632,64,Multiplication (4x),What is 1 × 4 ?,3,4,5,6,4,MCQ,
FMAT633,64,Multiplication (4x),What is 9 × 4 ?,34,35,36,37,36,MCQ,
FMAT634,64,Multiplication (4x),What is 2 × 4 ?,6,7,8,9,8,MCQ,
FMAT635,64,Multiplication (4x),What is 7 × 4 ?,26,27,28,29,28,MCQ,
FMAT636,64,Multiplication (4x),What is 3 × 4 ?,10,11,12,13,12,MCQ,
FMAT637,64,Multiplication (4x),What is 4 × 4 ?,14,15,16,17,16,MCQ,
FMAT638,64,Multiplication (4x),What is 10 × 4 ?,38,39,40,41,40,MCQ,
FMAT639,64,Multiplication (4x),What is 6 × 4 ?,22,23,24,25,24,MCQ,
FMAT640,64,Multiplication (4x),What is 8 × 4 ?,30,31,32,33,32,MCQ,
FMAT641,65,Multiplication (4x),There are 4 apples in each basket. How many apples are in 2 baskets?,6,7,8,9,8,MCQ,
FMAT642,65,Multiplication (4x),Each packet has 4 biscuits. How many biscuits are in 7 packets?,26,27,28,29,28,MCQ,
FMAT643,65,Multiplication (4x),A teacher gives 4 pencils to each of 3 students. How many pencils are given?,10,11,12,13,12,MCQ,
FMAT644,65,Multiplication (4x),Each box has 4 chocolates. How many chocolates are in 4 boxes?,14,15,16,17,16,MCQ,
FMAT645,65,Multiplication (4x),A child gets 4 stickers. How many stickers does 1 child get?,3,4,5,6,4,MCQ,
FMAT646,65,Multiplication (4x),A car has 4 wheels. How many wheels do 5 cars have?,18,19,20,21,20,MCQ,
FMAT647,65,Multiplication (4x),Each shelf holds 4 books. How many books are on 8 shelves?,30,31,32,33,32,MCQ,
FMAT648,65,Multiplication (4x),There are 4 birds on each tree. How many birds are on 9 trees?,34,35,36,37,36,MCQ,
FMAT649,65,Multiplication (4x),There are 4 flowers in each vase. How many flowers are in 6 vases?,22,23,24,25,24,MCQ,
FMAT650,65,Multiplication (4x),Each bag has 4 oranges. How many oranges are in 10 bags?,38,39,40,41,40,MCQ,
FMAT651,66,Multiplication (5x),What is 5 × 1 ?,4,5,6,7,5,MCQ,
FMAT652,66,Multiplication (5x),What is 5 × 2 ?,8,9,10,11,10,MCQ,
FMAT653,66,Multiplication (5x),What is 5 × 3 ?,13,14,15,16,15,MCQ,
FMAT654,66,Multiplication (5x),What is 5 × 4 ?,18,19,20,21,20,MCQ,
FMAT655,66,Multiplication (5x),What is 5 × 5 ?,23,24,25,26,25,MCQ,
FMAT656,66,Multiplication (5x),What is 5 × 6 ?,28,29,30,31,30,MCQ,
FMAT657,66,Multiplication (5x),What is 5 × 7 ?,33,34,35,36,35,MCQ,
FMAT658,66,Multiplication (5x),What is 5 × 8 ?,38,39,40,41,40,MCQ,
FMAT659,66,Multiplication (5x),What is 5 × 9 ?,43,44,45,46,45,MCQ,
FMAT660,66,Multiplication (5x),What is 5 × 10 ?,48,49,50,51,50,MCQ,
FMAT661,67,Multiplication (5x),What is 5 × 5 ?,23,24,25,26,25,MCQ,
FMAT662,67,Multiplication (5x),What is 1 × 5 ?,4,5,6,7,5,MCQ,
FMAT663,67,Multiplication (5x),What is 3 × 5 ?,13,14,15,16,15,MCQ,
FMAT664,67,Multiplication (5x),What is 4 × 5 ?,18,19,20,21,20,MCQ,
FMAT665,67,Multiplication (5x),What is 2 × 5 ?,8,9,10,11,10,MCQ,
FMAT666,67,Multiplication (5x),What is 6 × 5 ?,28,29,30,31,30,MCQ,
FMAT667,67,Multiplication (5x),What is 10 × 5 ?,48,49,50,51,50,MCQ,
FMAT668,67,Multiplication (5x),What is 7 × 5 ?,33,34,35,36,35,MCQ,
FMAT669,67,Multiplication (5x),What is 8 × 5 ?,38,39,40,41,40,MCQ,
FMAT670,67,Multiplication (5x),What is 9 × 5 ?,43,44,45,46,45,MCQ,
FMAT671,68,Multiplication (5x),There are 5 apples in each basket. How many apples are in 2 baskets?,8,9,10,11,10,MCQ,
FMAT672,68,Multiplication (5x),A hand has 5 fingers. How many fingers do 5 hands have?,23,24,25,26,25,MCQ,
FMAT673,68,Multiplication (5x),A teacher gives 5 pencils to each of 3 students. How many pencils are given?,13,14,15,16,15,MCQ,
FMAT674,68,Multiplication (5x),Each packet has 5 biscuits. How many biscuits are in 7 packets?,33,34,35,36,35,MCQ,
FMAT675,68,Multiplication (5x),Each box has 5 chocolates. How many chocolates are in 4 boxes?,18,19,20,21,20,MCQ,
FMAT676,68,Multiplication (5x),There are 5 flowers in each vase. How many flowers are in 6 vases?,28,29,30,31,30,MCQ,
FMAT677,68,Multiplication (5x),Each bag has 5 oranges. How many oranges are in 10 bags?,48,49,50,51,50,MCQ,
FMAT678,68,Multiplication (5x),There are 5 birds on each tree. How many birds are on 9 trees?,43,44,45,46,45,MCQ,
FMAT679,68,Multiplication (5x),A child gets 5 stickers. How many stickers does 1 child get?,4,5,6,7,5,MCQ,
FMAT680,68,Multiplication (5x),Each shelf holds 5 books. How many books are on 8 shelves?,38,39,40,41,40,MCQ,
FMAT681,69,Challenge 6: Multiplication,7 × 4 = _____,,,,,28,FillBlank,
FMAT682,69,Challenge 6: Multiplication,9 × 5 = _____,,,,,45,FillBlank,
FMAT683,69,Challenge 6: Multiplication,_____ × 4 = 32,,,,,8,FillBlank,
FMAT684,69,Challenge 6: Multiplication,6 × _____ = 30,,,,,5,FillBlank,
FMAT685,69,Challenge 6: Multiplication,A teacher has 4 boxes. Each box contains 8 pencils. How many pencils are there altogether?,,,,,32,FillBlank,
FMAT686,69,Challenge 6: Multiplication,5 × 10 = _____,,,,,50,FillBlank,
FMAT687,69,Challenge 6: Multiplication,_____ × 5 = 35,,,,,7,FillBlank,
FMAT688,69,Challenge 6: Multiplication,9 × _____ = 36,,,,,4,FillBlank,
FMAT689,69,Challenge 6: Multiplication,There are 5 shelves. Each shelf has 6 books. How many books are there in total?,,,,,30,FillBlank,
FMAT690,69,Challenge 6: Multiplication,A gardener plants 4 rows of 9 flowers. How many flowers are planted altogether?,,,,,36,FillBlank,
FMAT691,70,Challenge 7:  Addition & Subtraction,43|26|+,,,,,69,ColumnMath,
FMAT692,70,Challenge 7:  Addition & Subtraction,78|35|-,,,,,43,ColumnMath,
FMAT693,70,Challenge 7:  Addition & Subtraction,51|18|+,,,,,69,ColumnMath,
FMAT694,70,Challenge 7:  Addition & Subtraction,84|42|-,,,,,42,ColumnMath,
FMAT695,70,Challenge 7:  Addition & Subtraction,32|47|+,,,,,79,ColumnMath,
FMAT696,70,Challenge 7:  Addition & Subtraction,97|45|-,,,,,52,ColumnMath,
FMAT697,70,Challenge 7:  Addition & Subtraction,61|28|+,,,,,89,ColumnMath,
FMAT698,70,Challenge 7:  Addition & Subtraction,75|34|-,,,,,41,ColumnMath,
FMAT699,70,Challenge 7:  Addition & Subtraction,24|53|+,,,,,77,ColumnMath,
FMAT700,70,Challenge 7:  Addition & Subtraction,88|46|-,,,,,42,ColumnMath,
FMAT701,71,Challenge 8:  Addition & Subtraction,41|37|+,,,,,78,ColumnMath,
FMAT702,71,Challenge 8:  Addition & Subtraction,93|52|-,,,,,41,ColumnMath,
FMAT703,71,Challenge 8:  Addition & Subtraction,56|23|+,,,,,79,ColumnMath,
FMAT704,71,Challenge 8:  Addition & Subtraction,87|36|-,,,,,51,ColumnMath,
FMAT705,71,Challenge 8:  Addition & Subtraction,31|48|+,,,,,79,ColumnMath,
FMAT706,71,Challenge 8:  Addition & Subtraction,96|54|-,,,,,42,ColumnMath,
FMAT707,71,Challenge 8:  Addition & Subtraction,42|27|+,,,,,69,ColumnMath,
FMAT708,71,Challenge 8:  Addition & Subtraction,85|43|-,,,,,42,ColumnMath,
FMAT709,71,Challenge 8:  Addition & Subtraction,53|16|+,,,,,69,ColumnMath,
FMAT710,71,Challenge 8:  Addition & Subtraction,98|57|-,,,,,41,ColumnMath,
FMAT711,72,Challenge 8:  Addition & Subtraction,45|34|+,,,,,79,ColumnMath,
FMAT712,72,Challenge 8:  Addition & Subtraction,76|25|-,,,,,51,ColumnMath,
FMAT713,72,Challenge 8:  Addition & Subtraction,62|17|+,,,,,79,ColumnMath,
FMAT714,72,Challenge 8:  Addition & Subtraction,94|53|-,,,,,41,ColumnMath,
FMAT715,72,Challenge 8:  Addition & Subtraction,33|46|+,,,,,79,ColumnMath,
FMAT716,72,Challenge 8:  Addition & Subtraction,89|47|-,,,,,42,ColumnMath,
FMAT717,72,Challenge 8:  Addition & Subtraction,54|25|+,,,,,79,ColumnMath,
FMAT718,72,Challenge 8:  Addition & Subtraction,77|36|-,,,,,41,ColumnMath,
FMAT719,72,Challenge 8:  Addition & Subtraction,71|18|+,,,,,89,ColumnMath,
FMAT720,72,Challenge 8:  Addition & Subtraction,86|45|-,,,,,41,ColumnMath,
FMAT721,73,Division by 4 and 5,20 ÷ 5 = _____,,,,,4,FillBlank,
FMAT722,73,Division by 4 and 5,16 ÷ 4 = _____,,,,,4,FillBlank,
FMAT723,73,Division by 4 and 5,40 ÷ 5 = _____,,,,,8,FillBlank,
FMAT724,73,Division by 4 and 5,32 ÷ 4 = _____,,,,,8,FillBlank,
FMAT725,73,Division by 4 and 5,25 ÷ 5 = _____,,,,,5,FillBlank,
FMAT726,73,Division by 4 and 5,24 ÷ 4 = _____,,,,,6,FillBlank,
FMAT727,73,Division by 4 and 5,45 ÷ 5 = _____,,,,,9,FillBlank,
FMAT728,73,Division by 4 and 5,36 ÷ 4 = _____,,,,,9,FillBlank,
FMAT729,73,Division by 4 and 5,5 ÷ 5 = _____,,,,,1,FillBlank,
FMAT730,73,Division by 4 and 5,28 ÷ 4 = _____,,,,,7,FillBlank,
FMAT731,74,Division by 4 and 5,35 ÷ 5 = _____,,,,,7,FillBlank,
FMAT732,74,Division by 4 and 5,48 ÷ 4 = _____,,,,,12,FillBlank,
FMAT733,74,Division by 4 and 5,50 ÷ 5 = _____,,,,,10,FillBlank,
FMAT734,74,Division by 4 and 5,12 ÷ 4 = _____,,,,,3,FillBlank,
FMAT735,74,Division by 4 and 5,15 ÷ 5 = _____,,,,,3,FillBlank,
FMAT736,74,Division by 4 and 5,56 ÷ 4 = _____,,,,,14,FillBlank,
FMAT737,74,Division by 4 and 5,30 ÷ 5 = _____,,,,,6,FillBlank,
FMAT738,74,Division by 4 and 5,4 ÷ 4 = _____,,,,,1,FillBlank,
FMAT739,74,Division by 4 and 5,15 ÷ 5 = _____,,,,,3,FillBlank,
FMAT740,74,Division by 4 and 5,16 ÷ 4 = _____,,,,,4,FillBlank,
FMAT741,75,Division Word Problems by 4 and 5,A teacher shares 20 pencils equally among 5 students. How many pencils does each student get?,,,,,4,FillBlank,
FMAT742,75,Division Word Problems by 4 and 5,16 apples are placed equally into 4 baskets. How many apples are in each basket?,,,,,4,FillBlank,
FMAT743,75,Division Word Problems by 4 and 5,A baker packs 40 cookies equally into 5 boxes. How many cookies are in each box?,,,,,8,FillBlank,
FMAT744,75,Division Word Problems by 4 and 5,32 flowers are arranged equally in 4 vases. How many flowers are in each vase?,,,,,8,FillBlank,
FMAT745,75,Division Word Problems by 4 and 5,25 balloons are shared equally among 5 children. How many balloons does each child get?,,,,,5,FillBlank,
FMAT746,75,Division Word Problems by 4 and 5,A farmer puts 24 eggs equally into 4 baskets. How many eggs are in each basket?,,,,,6,FillBlank,
FMAT747,75,Division Word Problems by 4 and 5,45 candies are divided equally among 5 friends. How many candies does each friend get?,,,,,9,FillBlank,
FMAT748,75,Division Word Problems by 4 and 5,A gardener plants 36 flowers equally in 4 rows. How many flowers are in each row?,,,,,9,FillBlank,
FMAT749,75,Division Word Problems by 4 and 5,60 crayons are shared equally among 5 children. How many crayons does each child get?,,,,,12,FillBlank,
FMAT750,75,Division Word Problems by 4 and 5,28 books are placed equally on 4 shelves. How many books are on each shelf?,,,,,7,FillBlank,
FMAT751,76,Division Word Problems by 4 and 5,A shopkeeper packs 35 oranges equally into 5 bags. How many oranges are in each bag?,,,,,7,FillBlank,
FMAT752,76,Division Word Problems by 4 and 5,48 toy blocks are divided equally into 4 boxes. How many blocks are in each box?,,,,,12,FillBlank,
FMAT753,76,Division Word Problems by 4 and 5,50 chocolates are shared equally among 5 children. How many chocolates does each child get?,,,,,10,FillBlank,
FMAT754,76,Division Word Problems by 4 and 5,12 birds sit equally on 4 branches. How many birds are on each branch?,,,,,3,FillBlank,
FMAT755,76,Division Word Problems by 4 and 5,15 toy cars are divided equally among 5 children. How many toy cars does each child get?,,,,,3,FillBlank,
FMAT756,76,Division Word Problems by 4 and 5,56 marbles are shared equally among 4 boys. How many marbles does each boy get?,,,,,14,FillBlank,
FMAT757,76,Division Word Problems by 4 and 5,A librarian arranges 30 storybooks equally on 5 shelves. How many books are on each shelf?,,,,,6,FillBlank,
FMAT758,76,Division Word Problems by 4 and 5,44 stickers are shared equally among 4 friends. How many stickers does each friend get?,,,,,11,FillBlank,
FMAT759,76,Division Word Problems by 4 and 5,55 stars are divided equally into 5 groups. How many stars are in each group?,,,,,11,FillBlank,
FMAT760,76,Division Word Problems by 4 and 5,64 biscuits are packed equally into 4 tins. How many biscuits are in each tin?,,,,,16,FillBlank,
FMAT761,77,Challenge 9: Multiplication & Division,4 × 5 = _____,,,,,20,FillBlank,
FMAT762,77,Challenge 9: Multiplication & Division,18 ÷ 3 = _____,,,,,6,FillBlank,
FMAT763,77,Challenge 9: Multiplication & Division,3 × 7 = _____,,,,,21,FillBlank,
FMAT764,77,Challenge 9: Multiplication & Division,16 ÷ 4 = _____,,,,,4,FillBlank,
FMAT765,77,Challenge 9: Multiplication & Division,5 × 8 = _____,,,,,40,FillBlank,
FMAT766,77,Challenge 9: Multiplication & Division,20 ÷ 5 = _____,,,,,4,FillBlank,
FMAT767,77,Challenge 9: Multiplication & Division,2 × 9 = _____,,,,,18,FillBlank,
FMAT768,77,Challenge 9: Multiplication & Division,14 ÷ 2 = _____,,,,,7,FillBlank,
FMAT769,77,Challenge 9: Multiplication & Division,4 × 6 = _____,,,,,24,FillBlank,
FMAT770,77,Challenge 9: Multiplication & Division,27 ÷ 3 = _____,,,,,9,FillBlank,
FMAT771,78,Challenge 9: Multiplication & Division,5 × 6 = _____,,,,,30,FillBlank,
FMAT772,78,Challenge 9: Multiplication & Division,32 ÷ 4 = _____,,,,,8,FillBlank,
FMAT773,78,Challenge 9: Multiplication & Division,3 × 8 = _____,,,,,24,FillBlank,
FMAT774,78,Challenge 9: Multiplication & Division,45 ÷ 5 = _____,,,,,9,FillBlank,
FMAT775,78,Challenge 9: Multiplication & Division,2 × 10 = _____,,,,,20,FillBlank,
FMAT776,78,Challenge 9: Multiplication & Division,12 ÷ 2 = _____,,,,,6,FillBlank,
FMAT777,78,Challenge 9: Multiplication & Division,4 × 9 = _____,,,,,36,FillBlank,
FMAT778,78,Challenge 9: Multiplication & Division,24 ÷ 4 = _____,,,,,6,FillBlank,
FMAT779,78,Challenge 9: Multiplication & Division,3 × 9 = _____,,,,,27,FillBlank,
FMAT780,78,Challenge 9: Multiplication & Division,35 ÷ 5 = _____,,,,,7,FillBlank,
FMAT781,79,Multiplication (6x),What is 6 × 1 ?,5,6,7,8,6,MCQ,
FMAT782,79,Multiplication (6x),What is 6 × 2 ?,10,12,14,16,12,MCQ,
FMAT783,79,Multiplication (6x),What is 6 × 3 ?,16,18,20,22,18,MCQ,
FMAT784,79,Multiplication (6x),What is 6 × 4 ?,22,24,26,28,24,MCQ,
FMAT785,79,Multiplication (6x),What is 6 × 5 ?,28,30,32,34,30,MCQ,
FMAT786,79,Multiplication (6x),What is 6 × 6 ?,34,36,38,40,36,MCQ,
FMAT787,79,Multiplication (6x),What is 6 × 7 ?,40,42,44,46,42,MCQ,
FMAT788,79,Multiplication (6x),What is 6 × 8 ?,46,48,50,52,48,MCQ,
FMAT789,79,Multiplication (6x),What is 6 × 9 ?,52,54,56,58,54,MCQ,
FMAT790,79,Multiplication (6x),What is 6 × 10 ?,58,60,62,64,60,MCQ,
FMAT791,80,Multiplication (6x),What is 4 × 6 ?,22,24,26,28,24,MCQ,
FMAT792,80,Multiplication (6x),What is 1 × 6 ?,5,6,7,8,6,MCQ,
FMAT793,80,Multiplication (6x),What is 2 × 6 ?,10,12,14,16,12,MCQ,
FMAT794,80,Multiplication (6x),What is 8 × 6 ?,46,48,50,52,48,MCQ,
FMAT795,80,Multiplication (6x),What is 3 × 6 ?,16,18,20,22,18,MCQ,
FMAT796,80,Multiplication (6x),What is 5 × 6 ?,28,30,32,34,30,MCQ,
FMAT797,80,Multiplication (6x),What is 7 × 6 ?,40,42,44,46,42,MCQ,
FMAT798,80,Multiplication (6x),What is 9 × 6 ?,52,54,56,58,54,MCQ,
FMAT799,80,Multiplication (6x),What is 10 × 6 ?,58,60,62,64,60,MCQ,
FMAT800,80,Multiplication (6x),What is 6 × 6 ?,34,36,38,40,36,MCQ,
FMAT801,81,Multiplication (6x),A teacher gives 6 pencils to each of 3 students. How many pencils are given?,16,18,20,22,18,MCQ,
FMAT802,81,Multiplication (6x),A packet has 6 biscuits. How many biscuits are in 8 packets?,46,48,50,52,48,MCQ,
FMAT803,81,Multiplication (6x),Each box has 6 chocolates. How many chocolates are in 4 boxes?,22,24,26,28,24,MCQ,
FMAT804,81,Multiplication (6x),A spider has 6 legs. How many legs do 5 spiders have?,24,28,30,32,30,MCQ,
FMAT805,81,Multiplication (6x),Each shelf holds 6 books. How many books are on 10 shelves?,58,60,62,64,60,MCQ,
FMAT806,81,Multiplication (6x),There are 6 flowers in each vase. How many flowers are in 6 vases?,34,35,36,37,36,MCQ,
FMAT807,81,Multiplication (6x),Each week has 6 school days. How many school days are there in 7 weeks?,40,41,42,43,42,MCQ,
FMAT808,81,Multiplication (6x),There are 6 birds on each tree. How many birds are on 9 trees?,52,54,56,58,54,MCQ,
FMAT809,81,Multiplication (6x),There are 6 apples in each basket. How many apples are in 2 baskets?,10,12,14,16,12,MCQ,
FMAT810,81,Multiplication (6x),A shop sells 6 balloons every hour. How many balloons are sold in 1 hour?,5,6,7,8,6,MCQ,
FMAT811,82,Multiplication (7x ),What is 7 × 1 ?,6,7,8,9,7,MCQ,
FMAT812,82,Multiplication (7x ),What is 7 × 2 ?,12,13,14,15,14,MCQ,
FMAT813,82,Multiplication (7x ),What is 7 × 3 ?,19,20,21,22,21,MCQ,
FMAT814,82,Multiplication (7x ),What is 7 × 4 ?,26,27,28,29,28,MCQ,
FMAT815,82,Multiplication (7x ),What is 7 × 5 ?,33,34,35,36,35,MCQ,
FMAT816,82,Multiplication (7x ),What is 7 × 6 ?,40,41,42,43,42,MCQ,
FMAT817,82,Multiplication (7x ),What is 7 × 7 ?,47,48,49,50,49,MCQ,
FMAT818,82,Multiplication (7x ),What is 7 × 8 ?,54,55,56,57,56,MCQ,
FMAT819,82,Multiplication (7x ),What is 7 × 9 ?,61,62,63,64,63,MCQ,
FMAT820,82,Multiplication (7x ),What is 7 × 10 ?,68,69,70,71,70,MCQ,
FMAT821,83,Multiplication (7x ),What is 1 × 7 ?,6,7,8,9,7,MCQ,
FMAT822,83,Multiplication (7x ),What is 6 × 7 ?,40,41,42,43,42,MCQ,
FMAT823,83,Multiplication (7x ),What is 2 × 7 ?,12,13,14,15,14,MCQ,
FMAT824,83,Multiplication (7x ),What is 4 × 7 ?,26,27,28,29,28,MCQ,
FMAT825,83,Multiplication (7x ),What is 5 × 7 ?,33,34,35,36,35,MCQ,
FMAT826,83,Multiplication (7x ),What is 10 × 7 ?,68,69,70,71,70,MCQ,
FMAT827,83,Multiplication (7x ),What is 8 × 7 ?,54,55,56,57,56,MCQ,
FMAT828,83,Multiplication (7x ),What is 9 × 7 ?,61,62,63,64,63,MCQ,
FMAT829,83,Multiplication (7x ),What is 7 × 7 ?,47,48,49,50,49,MCQ,
FMAT830,83,Multiplication (7x ),What is 3 × 7 ?,19,20,21,22,21,MCQ,
FMAT831,84,Multiplication (7x ),There are 7 apples in each basket. How many apples are in 2 baskets?,12,14,16,18,14,MCQ,
FMAT832,84,Multiplication (7x ),A teacher gives 7 pencils to each of 3 students. How many pencils are given?,20,21,22,23,21,MCQ,
FMAT833,84,Multiplication (7x ),There are 7 birds on each tree. How many birds are on 9 trees?,61,62,63,64,63,MCQ,
FMAT834,84,Multiplication (7x ),Each box has 7 chocolates. How many chocolates are in 4 boxes?,26,27,28,29,28,MCQ,
FMAT835,84,Multiplication (7x ),There are 7 flowers in each vase. How many flowers are in 6 vases?,40,41,42,43,42,MCQ,
FMAT836,84,Multiplication (7x ),A spider has 7 toy stickers on each page. How many stickers are on 7 pages?,47,48,49,50,49,MCQ,
FMAT837,84,Multiplication (7x ),Each packet has 7 biscuits. How many biscuits are in 8 packets?,54,55,56,57,56,MCQ,
FMAT838,84,Multiplication (7x ),Each shelf holds 7 books. How many books are on 10 shelves?,68,69,70,71,70,MCQ,
FMAT839,84,Multiplication (7x ),A week has 7 days. How many days are there in 5 weeks?,33,34,35,36,35,MCQ,
FMAT840,84,Multiplication (7x ),A shop sells 7 balloons every hour. How many balloons are sold in 1 hour?,6,7,8,9,7,MCQ,
FMAT841,85,Division by 6 and 7,42 ÷ 6 = _____,,,,,7,FillBlank,
FMAT842,85,Division by 6 and 7,28 ÷ 7 = _____,,,,,4,FillBlank,
FMAT843,85,Division by 6 and 7,18 ÷ 6 = _____,,,,,3,FillBlank,
FMAT844,85,Division by 6 and 7,49 ÷ 7 = _____,,,,,7,FillBlank,
FMAT845,85,Division by 6 and 7,54 ÷ 6 = _____,,,,,9,FillBlank,
FMAT846,85,Division by 6 and 7,35 ÷ 7 = _____,,,,,5,FillBlank,
FMAT847,85,Division by 6 and 7,30 ÷ 6 = _____,,,,,5,FillBlank,
FMAT848,85,Division by 6 and 7,63 ÷ 7 = _____,,,,,9,FillBlank,
FMAT849,85,Division by 6 and 7,60 ÷ 6 = _____,,,,,10,FillBlank,
FMAT850,85,Division by 6 and 7,14 ÷ 7 = _____,,,,,2,FillBlank,
FMAT851,86,Division by 6 and 7,24 ÷ 6 = _____,,,,,4,FillBlank,
FMAT852,86,Division by 6 and 7,56 ÷ 7 = _____,,,,,8,FillBlank,
FMAT853,86,Division by 6 and 7,36 ÷ 6 = _____,,,,,6,FillBlank,
FMAT854,86,Division by 6 and 7,21 ÷ 7 = _____,,,,,3,FillBlank,
FMAT855,86,Division by 6 and 7,48 ÷ 6 = _____,,,,,8,FillBlank,
FMAT856,86,Division by 6 and 7,70 ÷ 7 = _____,,,,,10,FillBlank,
FMAT857,86,Division by 6 and 7,12 ÷ 6 = _____,,,,,2,FillBlank,
FMAT858,86,Division by 6 and 7,7 ÷ 7 = _____,,,,,1,FillBlank,
FMAT859,86,Division by 6 and 7,6 ÷ 6 = _____,,,,,1,FillBlank,
FMAT860,86,Division by 6 and 7,42 ÷ 7 = _____,,,,,6,FillBlank,
FMAT861,87,Choose the Operation,A week has 7 days. How many days are there in 5 weeks?,Addition,Subtraction,Multiplication,,Multiplication,MCQ,
FMAT862,87,Choose the Operation,Rina has 15 apples. She buys 8 more apples. Which operation should you use?,Addition,Subtraction,Multiplication,,Addition,MCQ,
FMAT863,87,Choose the Operation,Tom has 20 balloons. He gives 6 balloons to his friend. Which operation should you use?,Addition,Subtraction,Multiplication,,Subtraction,MCQ,
FMAT864,87,Choose the Operation,There are 4 baskets with 9 oranges in each basket. Which operation should you use?,Addition,Subtraction,Multiplication,,Multiplication,MCQ,
FMAT865,87,Choose the Operation,A farmer plants 6 rows of 8 flowers. Which operation should you use?,Addition,Subtraction,Multiplication,,Multiplication,MCQ,
FMAT866,87,Choose the Operation,Sara has 32 stickers. She loses 9 stickers. Which operation should you use?,Addition,Subtraction,Multiplication,,Subtraction,MCQ,
FMAT867,87,Choose the Operation,Ali has 14 marbles. His uncle gives him 11 more marbles. Which operation should you use?,Addition,Subtraction,Multiplication,,Addition,MCQ,
FMAT868,87,Choose the Operation,There are 5 boxes with 10 pencils in each box. Which operation should you use?,Addition,Subtraction,Multiplication,,Multiplication,MCQ,
FMAT869,87,Choose the Operation,Nina has 18 pencils. She gives away 5 pencils. Which operation should you use?,Addition,Subtraction,Multiplication,,Subtraction,MCQ,
FMAT870,87,Choose the Operation,A bus has 27 passengers. 13 more passengers get on. Which operation should you use?,Addition,Subtraction,Multiplication,,Addition,MCQ,
FMAT871,88,Choose the Operation,A spider has 8 legs. How many legs do 6 spiders have?,Addition,Subtraction,Multiplication,,Multiplication,MCQ,
FMAT872,88,Choose the Operation,John had 40 coins. He spent 17 coins. Which operation should you use?,Addition,Subtraction,Multiplication,,Subtraction,MCQ,
FMAT873,88,Choose the Operation,A box contains 10 crayons. How many crayons are in 9 boxes?,Addition,Subtraction,Multiplication,,Multiplication,MCQ,
FMAT874,88,Choose the Operation,Maya collected 25 shells and then found 14 more shells. Which operation should you use?,Addition,Subtraction,Multiplication,,Addition,MCQ,
FMAT875,88,Choose the Operation,A class has 30 students. 7 students are absent. Which operation should you use?,Addition,Subtraction,Multiplication,,Subtraction,MCQ,
FMAT876,88,Choose the Operation,There are 5 tables with 8 chairs at each table. Which operation should you use?,Addition,Subtraction,Multiplication,,Multiplication,MCQ,
FMAT877,88,Choose the Operation,Emma has 22 storybooks. Her father gives her 6 more books. Which operation should you use?,Addition,Subtraction,Multiplication,,Addition,MCQ,
FMAT878,88,Choose the Operation,David has 35 toy cars. He gives 12 to his cousin. Which operation should you use?,Addition,Subtraction,Multiplication,,Subtraction,MCQ,
FMAT879,88,Choose the Operation,There are 9 bags with 4 candies in each bag. Which operation should you use?,Addition,Subtraction,Multiplication,,Multiplication,MCQ,
FMAT880,88,Choose the Operation,Lily has 16 balloons. Her friends give her 9 more balloons. Which operation should you use?,Addition,Subtraction,Multiplication,,Addition,MCQ,
FMAT881,89,Addition with Carrying,27|15|+,,,,,42,ColumnMath,
FMAT882,89,Addition with Carrying,38|27|+,,,,,65,ColumnMath,
FMAT883,89,Addition with Carrying,46|19|+,,,,,65,ColumnMath,
FMAT884,89,Addition with Carrying,58|16|+,,,,,74,ColumnMath,
FMAT885,89,Addition with Carrying,39|24|+,,,,,63,ColumnMath,
FMAT886,89,Addition with Carrying,47|28|+,,,,,75,ColumnMath,
FMAT887,89,Addition with Carrying,65|17|+,,,,,82,ColumnMath,
FMAT888,89,Addition with Carrying,29|35|+,,,,,64,ColumnMath,
FMAT889,89,Addition with Carrying,48|15|+,,,,,63,ColumnMath,
FMAT890,89,Addition with Carrying,57|26|+,,,,,83,ColumnMath,
FMAT891,90,Addition with Carrying,36|28|+,,,,,64,ColumnMath,
FMAT892,90,Addition with Carrying,49|18|+,,,,,67,ColumnMath,
FMAT893,90,Addition with Carrying,68|15|+,,,,,83,ColumnMath,
FMAT894,90,Addition with Carrying,59|23|+,,,,,82,ColumnMath,
FMAT895,90,Addition with Carrying,77|16|+,,,,,93,ColumnMath,
FMAT896,90,Addition with Carrying,28|39|+,,,,,67,ColumnMath,
FMAT897,90,Addition with Carrying,56|18|+,,,,,74,ColumnMath,
FMAT898,90,Addition with Carrying,37|25|+,,,,,62,ColumnMath,
FMAT899,90,Addition with Carrying,69|14|+,,,,,83,ColumnMath,
FMAT900,90,Addition with Carrying,88|13|+,,,,,101,ColumnMath,
FMAT901,91,Subtraction with Borrowing,52|17|-,,,,,35,ColumnMath,
FMAT902,91,Subtraction with Borrowing,63|28|-,,,,,35,ColumnMath,
FMAT903,91,Subtraction with Borrowing,74|39|-,,,,,35,ColumnMath,
FMAT904,91,Subtraction with Borrowing,81|26|-,,,,,55,ColumnMath,
FMAT905,91,Subtraction with Borrowing,92|47|-,,,,,45,ColumnMath,
FMAT906,91,Subtraction with Borrowing,53|18|-,,,,,35,ColumnMath,
FMAT907,91,Subtraction with Borrowing,64|29|-,,,,,35,ColumnMath,
FMAT908,91,Subtraction with Borrowing,75|38|-,,,,,37,ColumnMath,
FMAT909,91,Subtraction with Borrowing,82|47|-,,,,,35,ColumnMath,
FMAT910,91,Subtraction with Borrowing,93|58|-,,,,,35,ColumnMath,
FMAT911,92,Subtraction with Borrowing,61|24|-,,,,,37,ColumnMath,
FMAT912,92,Subtraction with Borrowing,72|35|-,,,,,37,ColumnMath,
FMAT913,92,Subtraction with Borrowing,84|29|-,,,,,55,ColumnMath,
FMAT914,92,Subtraction with Borrowing,95|37|-,,,,,58,ColumnMath,
FMAT915,92,Subtraction with Borrowing,73|18|-,,,,,55,ColumnMath,
FMAT916,92,Subtraction with Borrowing,62|27|-,,,,,35,ColumnMath,
FMAT917,92,Subtraction with Borrowing,91|46|-,,,,,45,ColumnMath,
FMAT918,92,Subtraction with Borrowing,83|28|-,,,,,55,ColumnMath,
FMAT919,92,Subtraction with Borrowing,54|19|-,,,,,35,ColumnMath,
FMAT920,92,Subtraction with Borrowing,71|26|-,,,,,45,ColumnMath,
FMAT921,93,Multiplication (8x ),What is 8 × 1 ?,7,8,9,10,8,MCQ,
FMAT922,93,Multiplication (8x ),What is 8 × 2 ?,14,15,16,17,16,MCQ,
FMAT923,93,Multiplication (8x ),What is 8 × 3 ?,22,23,24,25,24,MCQ,
FMAT924,93,Multiplication (8x ),What is 8 × 4 ?,30,31,32,33,32,MCQ,
FMAT925,93,Multiplication (8x ),What is 8 × 5 ?,38,39,40,41,40,MCQ,
FMAT926,93,Multiplication (8x ),What is 8 × 6 ?,46,47,48,49,48,MCQ,
FMAT927,93,Multiplication (8x ),What is 8 × 7 ?,54,55,56,57,56,MCQ,
FMAT928,93,Multiplication (8x ),What is 8 × 8 ?,62,63,64,65,64,MCQ,
FMAT929,93,Multiplication (8x ),What is 8 × 9 ?,70,71,72,73,72,MCQ,
FMAT930,93,Multiplication (8x ),What is 8 × 10 ?,78,79,80,81,80,MCQ,
FMAT931,94,Multiplication (8x ),What is 8 × 6 ?,46,47,48,49,48,MCQ,
FMAT932,94,Multiplication (8x ),What is 3 × 8 ?,22,23,24,25,24,MCQ,
FMAT933,94,Multiplication (8x ),What is 10 × 8 ?,78,79,80,81,80,MCQ,
FMAT934,94,Multiplication (8x ),What is 1 × 8 ?,7,8,9,10,8,MCQ,
FMAT935,94,Multiplication (8x ),What is 7 × 8 ?,54,55,56,57,56,MCQ,
FMAT936,94,Multiplication (8x ),What is 5 × 8 ?,38,39,40,41,40,MCQ,
FMAT937,94,Multiplication (8x ),What is 8 × 8 ?,62,63,64,65,64,MCQ,
FMAT938,94,Multiplication (8x ),What is 2 × 8 ?,14,15,16,17,16,MCQ,
FMAT939,94,Multiplication (8x ),What is 9 × 8 ?,70,71,72,73,72,MCQ,
FMAT940,94,Multiplication (8x ),What is 4 × 8 ?,30,31,32,33,32,MCQ,
FMAT941,95,Multiplication (8x ),Each packet has 8 biscuits. How many biscuits are in 7 packets?,54,55,56,57,56,MCQ,
FMAT942,95,Multiplication (8x ),There are 8 apples in each basket. How many apples are in 2 baskets?,14,15,16,17,16,MCQ,
FMAT943,95,Multiplication (8x ),Each shelf holds 8 books. How many books are on 10 shelves?,78,79,80,81,80,MCQ,
FMAT944,95,Multiplication (8x ),A spider has 8 legs. How many legs do 4 spiders have?,30,31,32,33,32,MCQ,
FMAT945,95,Multiplication (8x ),There are 8 flowers in each vase. How many flowers are in 6 vases?,46,47,48,49,48,MCQ,
FMAT946,95,Multiplication (8x ),Each box has 8 chocolates. How many chocolates are in 8 boxes?,62,63,64,65,64,MCQ,
FMAT947,95,Multiplication (8x ),A teacher gives 8 pencils to each of 3 students. How many pencils are given?,22,23,24,25,24,MCQ,
FMAT948,95,Multiplication (8x ),Each bag has 8 oranges. How many oranges are in 5 bags?,38,39,40,41,40,MCQ,
FMAT949,95,Multiplication (8x ),There are 8 birds on each tree. How many birds are on 9 trees?,70,71,72,73,72,MCQ,
FMAT950,95,Multiplication (8x ),A shop sells 8 balloons every hour. How many balloons are sold in 1 hour?,7,8,9,10,8,MCQ,
FMAT951,96,Multiplication (9x ),What is 9 × 1 ?,8,9,10,11,9,MCQ,
FMAT952,96,Multiplication (9x ),What is 9 × 2 ?,16,17,18,19,18,MCQ,
FMAT953,96,Multiplication (9x ),What is 9 × 3 ?,25,26,27,28,27,MCQ,
FMAT954,96,Multiplication (9x ),What is 9 × 4 ?,34,35,36,37,36,MCQ,
FMAT955,96,Multiplication (9x ),What is 9 × 5 ?,43,44,45,46,45,MCQ,
FMAT956,96,Multiplication (9x ),What is 9 × 6 ?,52,53,54,55,54,MCQ,
FMAT957,96,Multiplication (9x ),What is 9 × 7 ?,61,62,63,64,63,MCQ,
FMAT958,96,Multiplication (9x ),What is 9 × 8 ?,70,71,72,73,72,MCQ,
FMAT959,96,Multiplication (9x ),What is 9 × 9 ?,79,80,81,82,81,MCQ,
FMAT960,96,Multiplication (9x ),What is 9 × 10 ?,88,89,90,91,90,MCQ,
FMAT961,97,Multiplication (9x ),What is 7 × 9 ?,61,62,63,64,63,MCQ,
FMAT962,97,Multiplication (9x ),What is 2 × 9 ?,16,17,18,19,18,MCQ,
FMAT963,97,Multiplication (9x ),What is 10 × 9 ?,88,89,90,91,90,MCQ,
FMAT964,97,Multiplication (9x ),What is 4 × 9 ?,34,35,36,37,36,MCQ,
FMAT965,97,Multiplication (9x ),What is 1 × 9 ?,8,9,10,11,9,MCQ,
FMAT966,97,Multiplication (9x ),What is 8 × 9 ?,70,71,72,73,72,MCQ,
FMAT967,97,Multiplication (9x ),What is 5 × 9 ?,43,44,45,46,45,MCQ,
FMAT968,97,Multiplication (9x ),What is 9 × 9 ?,79,80,81,82,81,MCQ,
FMAT969,97,Multiplication (9x ),What is 3 × 9 ?,25,26,27,28,27,MCQ,
FMAT970,97,Multiplication (9x ),What is 6 × 9 ?,52,53,54,55,54,MCQ,
FMAT971,98,Multiplication (9x ),Each packet has 9 biscuits. How many biscuits are in 8 packets?,70,71,72,73,72,MCQ,
FMAT972,98,Multiplication (9x ),There are 9 apples in each basket. How many apples are in 3 baskets?,25,26,27,28,27,MCQ,
FMAT973,98,Multiplication (9x ),Each shelf holds 9 books. How many books are on 10 shelves?,88,89,90,91,90,MCQ,
FMAT974,98,Multiplication (9x ),A cat has 9 toy balls. How many toy balls do 5 cats have?,43,44,45,46,45,MCQ,
FMAT975,98,Multiplication (9x ),There are 9 flowers in each vase. How many flowers are in 6 vases?,52,53,54,55,54,MCQ,
FMAT976,98,Multiplication (9x ),Each box has 9 chocolates. How many chocolates are in 9 boxes?,79,80,81,82,81,MCQ,
FMAT977,98,Multiplication (9x ),A teacher gives 9 pencils to each of 2 students. How many pencils are given?,16,17,18,19,18,MCQ,
FMAT978,98,Multiplication (9x ),Each bag has 9 oranges. How many oranges are in 7 bags?,61,62,63,64,63,MCQ,
FMAT979,98,Multiplication (9x ),There are 9 birds on each tree. How many birds are on 4 trees?,34,35,36,37,36,MCQ,
FMAT980,98,Multiplication (9x ),A shop sells 9 balloons every hour. How many balloons are sold in 1 hour?,8,9,10,11,9,MCQ,
FMAT981,99,Multiplication (10x ),What is 10 × 1 ?,9,10,11,12,10,MCQ,
FMAT982,99,Multiplication (10x ),What is 10 × 2 ?,18,19,20,21,20,MCQ,
FMAT983,99,Multiplication (10x ),What is 10 × 3 ?,28,29,30,31,30,MCQ,
FMAT984,99,Multiplication (10x ),What is 10 × 4 ?,38,39,40,41,40,MCQ,
FMAT985,99,Multiplication (10x ),What is 10 × 5 ?,48,49,50,51,50,MCQ,
FMAT986,99,Multiplication (10x ),What is 10 × 6 ?,58,59,60,61,60,MCQ,
FMAT987,99,Multiplication (10x ),What is 10 × 7 ?,68,69,70,71,70,MCQ,
FMAT988,99,Multiplication (10x ),What is 10 × 8 ?,78,79,80,81,80,MCQ,
FMAT989,99,Multiplication (10x ),What is 10 × 9 ?,88,89,90,91,90,MCQ,
FMAT990,99,Multiplication (10x ),What is 10 × 10 ?,98,99,100,101,100,MCQ,
FMAT991,100,Multiplication (10x ),What is 8 × 10 ?,78,79,80,81,80,MCQ,
FMAT992,100,Multiplication (10x ),What is 2 × 10 ?,18,19,20,21,20,MCQ,
FMAT993,100,Multiplication (10x ),What is 10 × 10 ?,98,99,100,101,100,MCQ,
FMAT994,100,Multiplication (10x ),What is 5 × 10 ?,48,49,50,51,50,MCQ,
FMAT995,100,Multiplication (10x ),What is 1 × 10 ?,9,10,11,12,10,MCQ,
FMAT996,100,Multiplication (10x ),What is 7 × 10 ?,68,69,70,71,70,MCQ,
FMAT997,100,Multiplication (10x ),What is 3 × 10 ?,28,29,30,31,30,MCQ,
FMAT998,100,Multiplication (10x ),What is 9 × 10 ?,88,89,90,91,90,MCQ,
FMAT999,100,Multiplication (10x ),What is 6 × 10 ?,58,59,60,61,60,MCQ,
FMAT1000,100,Multiplication (10x ),What is 4 × 10 ?,38,39,40,41,40,MCQ,
FMAT1001,101,Multiplication (10x ),Each packet has 10 biscuits. How many biscuits are in 8 packets?,78,79,80,81,80,MCQ,
FMAT1002,101,Multiplication (10x ),There are 10 apples in each basket. How many apples are in 3 baskets?,28,29,30,31,30,MCQ,
FMAT1003,101,Multiplication (10x ),Each shelf holds 10 books. How many books are on 10 shelves?,98,99,100,101,100,MCQ,
FMAT1004,101,Multiplication (10x ),A box contains 10 crayons. How many crayons are in 5 boxes?,48,49,50,51,50,MCQ,
FMAT1005,101,Multiplication (10x ),There are 10 flowers in each vase. How many flowers are in 6 vases?,58,59,60,61,60,MCQ,
FMAT1006,101,Multiplication (10x ),Each bag has 10 oranges. How many oranges are in 9 bags?,88,89,90,91,90,MCQ,
FMAT1007,101,Multiplication (10x ),A teacher gives 10 pencils to each of 2 students. How many pencils are given?,18,19,20,21,20,MCQ,
FMAT1008,101,Multiplication (10x ),Each toy costs 10 dollars. What is the cost of 7 toys?,68,69,70,71,70,MCQ,
FMAT1009,101,Multiplication (10x ),A shop sells 10 balloons every hour. How many balloons are sold in 4 hours?,38,39,40,41,40,MCQ,
FMAT1010,101,Multiplication (10x ),A child gets 10 stickers. How many stickers does 1 child get?,9,10,11,12,10,MCQ,
FMAT1011,102,Division by 8 and 9,72 ÷ 8 = _____,,,,,9,FillBlank,
FMAT1012,102,Division by 8 and 9,27 ÷ 9 = _____,,,,,3,FillBlank,
FMAT1013,102,Division by 8 and 9,40 ÷ 8 = _____,,,,,5,FillBlank,
FMAT1014,102,Division by 8 and 9,54 ÷ 9 = _____,,,,,6,FillBlank,
FMAT1015,102,Division by 8 and 9,64 ÷ 8 = _____,,,,,8,FillBlank,
FMAT1016,102,Division by 8 and 9,81 ÷ 9 = _____,,,,,9,FillBlank,
FMAT1017,102,Division by 8 and 9,16 ÷ 8 = _____,,,,,2,FillBlank,
FMAT1018,102,Division by 8 and 9,36 ÷ 9 = _____,,,,,4,FillBlank,
FMAT1019,102,Division by 8 and 9,56 ÷ 8 = _____,,,,,7,FillBlank,
FMAT1020,102,Division by 8 and 9,18 ÷ 9 = _____,,,,,2,FillBlank,
FMAT1021,103,Division by 8 and 9,24 ÷ 8 = _____,,,,,3,FillBlank,
FMAT1022,103,Division by 8 and 9,45 ÷ 9 = _____,,,,,5,FillBlank,
FMAT1023,103,Division by 8 and 9,80 ÷ 8 = _____,,,,,10,FillBlank,
FMAT1024,103,Division by 8 and 9,63 ÷ 9 = _____,,,,,7,FillBlank,
FMAT1025,103,Division by 8 and 9,48 ÷ 8 = _____,,,,,6,FillBlank,
FMAT1026,103,Division by 8 and 9,9 ÷ 9 = _____,,,,,1,FillBlank,
FMAT1027,103,Division by 8 and 9,8 ÷ 8 = _____,,,,,1,FillBlank,
FMAT1028,103,Division by 8 and 9,72 ÷ 9 = _____,,,,,8,FillBlank,
FMAT1029,103,Division by 8 and 9,32 ÷ 8 = _____,,,,,4,FillBlank,
FMAT1030,103,Division by 8 and 9,90 ÷ 9 = _____,,,,,10,FillBlank,
FMAT1031,104,Challenge 10: Mixed Operations,27|15|+,,,,,42,ColumnMath,
FMAT1032,104,Challenge 10: Mixed Operations,48 ÷ 6 = _____,,,,,8,FillBlank,
FMAT1033,104,Challenge 10: Mixed Operations,63|28|-,,,,,35,ColumnMath,
FMAT1034,104,Challenge 10: Mixed Operations,7 × 8 = _____,,,,,56,FillBlank,
FMAT1035,104,Challenge 10: Mixed Operations,19|34|+,,,,,53,ColumnMath,
FMAT1036,104,Challenge 10: Mixed Operations,72 ÷ 9 = _____,,,,,8,FillBlank,
FMAT1037,104,Challenge 10: Mixed Operations,90|47|-,,,,,43,ColumnMath,
FMAT1038,104,Challenge 10: Mixed Operations,6 × 9 = _____,,,,,54,FillBlank,
FMAT1039,104,Challenge 10: Mixed Operations,56|18|+,,,,,74,ColumnMath,
FMAT1040,104,Challenge 10: Mixed Operations,40 ÷ 5 = _____,,,,,8,FillBlank,
FMAT1041,105,Challenge 10: Mixed Operations,81|36|-,,,,,45,ColumnMath,
FMAT1042,105,Challenge 10: Mixed Operations,4 × 9 = _____,,,,,36,FillBlank,
FMAT1043,105,Challenge 10: Mixed Operations,38|27|+,,,,,65,ColumnMath,
FMAT1044,105,Challenge 10: Mixed Operations,64 ÷ 8 = _____,,,,,8,FillBlank,
FMAT1045,105,Challenge 10: Mixed Operations,75|29|-,,,,,46,ColumnMath,
FMAT1046,105,Challenge 10: Mixed Operations,5 × 7 = _____,,,,,35,FillBlank,
FMAT1047,105,Challenge 10: Mixed Operations,46|29|+,,,,,75,ColumnMath,
FMAT1048,105,Challenge 10: Mixed Operations,42 ÷ 7 = _____,,,,,6,FillBlank,
FMAT1049,105,Challenge 10: Mixed Operations,100|58|-,,,,,42,ColumnMath,
FMAT1050,105,Challenge 10: Mixed Operations,3 × 8 = _____,,,,,24,FillBlank,
